sym,side,open,close,p0,p_exit,vwap_entry,peak,bal0,size_pct,build_s,dur,open_fills,close_fills,adds,adds_worse,pre5,pre30,mae,mfe,pnl,fee,net,ret,day_pnl_before,prev_same_net,prev_same_gap,hour,date
LAB-USDT-SWAP,long,2026-07-05 18:57:09,2026-07-05 19:02:09,15.819,15.775,31.504,283.536,2879.52831635,9.846612668820752,216.0,5.0,9,28,8,4,,,-0.84708262216322,0.0,2.21999972,-1.3011525000000002,0.91884722,0.3240672154505953,0.0,,,18,2026-07-05
LAB-USDT-SWAP,short,2026-07-05 19:03:37,2026-07-05 19:04:52,15.816,15.856,31.773680000000006,317.7368,2880.44716385,11.030815075785442,34.0,1.25,12,12,11,7,0.8351928594198199,-0.01896453631708983,-0.8978249873545785,-0.0,3.2889999999999997,-1.3640339000000001,1.9249660999999996,0.6058366862132429,0.9188472200000002,0.91884722,1.4666666666666666,19,2026-07-05
HMSTR-USDT-SWAP,short,2026-07-05 23:03:36,2026-07-05 23:06:31,0.000349,0.0003485,0.006980000000000001,143.7531,2882.3721299500003,4.987319246751586,0.0,2.9166666666666665,3,19,2,0,,,-0.0,0.17191977077364307,1.04767,-0.5184636199999999,0.5292063800000002,0.36813562977076686,2.8438133199999993,,,23,2026-07-05
CAP-USDT-SWAP,short,2026-07-05 23:32:36,2026-07-05 23:36:31,0.02528,0.02537,0.5091308771929826,290.2046,2882.90133636,10.066407626922718,100.0,3.9166666666666665,10,17,9,4,,,-1.4240506329114,0.039556962025311115,5.567999909999999,-1.4451622000000004,4.122837709999999,1.4206658715954188,3.3730196999999995,,,23,2026-07-05
SPACE-USDT-SWAP,long,2026-07-06 00:02:16,2026-07-06 00:02:32,0.006422,0.006446,0.21406666666048238,115.38193333,2887.02417415,3.9965696984151804,0.0,0.26666666666666666,3,37,2,0,,,0.0,0.43600124571785415,1.3902,-0.2799878800000001,1.11021212,0.9622062033097672,0.0,,,0,2026-07-06
LAB-USDT-SWAP,long,2026-07-06 09:50:07,2026-07-06 09:50:36,15.694,15.828,31.388562499999992,200.8868,2888.13438628,6.955590465398945,0.0,0.48333333333333334,7,9,6,0,,,0.0,0.866573212692745,8.641999910000001,-1.008755,7.633244910000001,3.7997742559491225,1.1102121200000008,1.9249660999999996,885.25,9,2026-07-06
SLX-USDT-SWAP,long,2026-07-06 11:33:36,2026-07-06 11:35:41,0.2036,0.2047,0.6786666666666666,173.06,2896.782991,5.974213482255288,4.0,2.0833333333333335,2,8,1,0,,,0.0,0.5402750491159125,2.805,-0.3648285,2.4401715,1.4100147347740668,8.74345703,,,11,2026-07-06
SKHYNIX-USDT-SWAP,short,2026-07-06 11:38:01,2026-07-06 11:41:59,1553.05,1543.52,310.61,202.20711,2899.22316251,6.974527266984835,0.0,3.966666666666667,3,10,2,0,,,-0.0,0.6265091272013135,6.282529999999999,-0.7045836199999999,5.577946379999998,2.7585312801315434,11.183628530000002,,,11,2026-07-06
BEAT-USDT-SWAP,long,2026-07-06 12:16:52,2026-07-06 12:32:50,2.7231,2.743,5.446199999999999,0.54462,2904.80110889,0.018748960069356124,0.0,15.966666666666667,1,1,0,0,,,0.0,0.730784767360726,0.0199,-0.00273305,0.01716695,3.1520968748852414,16.76157491,,,12,2026-07-06
SLX-USDT-SWAP,long,2026-07-06 13:15:03,2026-07-06 13:16:40,0.207,0.2079,0.414,202.446,2904.8182758400003,6.969317209402978,0.0,1.6166666666666667,6,10,5,0,,,0.0,0.48309178743961567,4.431,-1.0144455000000001,3.4165545,1.6876374440591566,16.77874186,2.4401715,99.36666666666666,13,2026-07-06
LAB-USDT-SWAP,short,2026-07-06 13:49:15,2026-07-06 13:50:57,16.919,16.858,33.837999999999994,230.0984,2908.23483034,7.9119608086496696,0.0,1.7,3,10,2,0,,,-0.0,0.3664519179620629,4.184,-1.1484,3.0356,1.3192616723975483,20.19529636,7.633244910000001,238.65,13,2026-07-06
LAB-USDT-SWAP,short,2026-07-06 14:14:56,2026-07-06 14:16:34,17.365,17.249,34.73,288.259,2911.27043034,9.90148482929959,0.0,1.6333333333333333,1,13,0,0,,2.6360896034044456,-0.0,0.6795277857759796,9.733,-1.00404,8.72896,3.0281656427032635,23.23089636,3.0356,23.983333333333334,14,2026-07-06
LAB-USDT-SWAP,long,2026-07-06 16:58:04,2026-07-06 16:59:39,15.94,16.026,31.88,255.04,2919.99939034,8.734248398945848,0.0,1.5833333333333333,1,8,0,0,,,0.0,0.5771643663738946,6.959,-1.2786795000000002,5.6803205,2.2272272976787955,31.959856359999996,8.72896,161.5,16,2026-07-06
LAB-USDT-SWAP,long,2026-07-06 17:04:26,2026-07-06 17:05:36,15.726,15.75,31.298625000000005,500.778,2925.67971084,17.116637824180017,18.0,1.1666666666666667,6,10,5,4,-1.9086826347305297,-1.3425345043914572,-0.9919877909195018,0.19712577896475736,16.4839999,-1.8263626000000004,14.657637300000001,2.926973089872159,37.64017686,5.6803205,4.783333333333333,17,2026-07-06
LAB-USDT-SWAP,long,2026-07-06 17:37:04,2026-07-06 17:37:46,15.443,15.49,30.886,247.088,2940.3373482399998,8.403389500456457,0.0,0.7,1,3,0,0,,,0.0,0.3172958622029487,3.778,-0.866697,2.911303,1.1782454024477111,52.29781416,14.657637300000001,31.466666666666665,17,2026-07-06
LAB-USDT-SWAP,short,2026-07-06 19:19:07,2026-07-06 19:21:49,16.922,16.85,33.8422,270.7376,2943.24865124,9.198597606965262,0.0,2.7,4,6,3,0,,,-0.0,0.4432100224559754,5.746,-1.3508149999999999,4.395185000000001,1.6234113769199403,55.209117160000005,2.911303,101.35,19,2026-07-06
HMSTR-USDT-SWAP,short,2026-07-06 21:54:31,2026-07-06 21:57:19,0.0003147,0.0003137,0.006293999999999999,205.75086,2947.64383624,6.980180490952896,0.0,2.8,5,32,4,0,,,-0.0,0.3495392437241951,3.2887600000000003,-0.76971998,2.5190400200000003,1.2243156699320725,59.60430216,0.5292063800000002,1368.0,21,2026-07-06
LAB-USDT-SWAP,short,2026-07-06 22:10:15,2026-07-06 22:11:36,16.694,16.629,33.388,146.9072,2950.1628763,4.979630147886828,0.0,1.35,8,5,7,0,,,-0.0,0.3953516233377252,2.898,-0.683005,2.214995,1.507751151747498,62.123342179999995,4.395185000000001,168.43333333333334,22,2026-07-06
LAB-USDT-SWAP,long,2026-07-06 23:01:50,2026-07-06 23:17:07,16.36,16.399,32.72,294.48,2954.0093175,9.9688243451182,0.0,15.283333333333333,3,5,2,0,,,0.0,0.23838630806847227,3.51,-1.1011469999999999,2.4088529999999997,0.8180022412387936,64.33833718000001,2.214995,50.233333333333334,23,2026-07-06
LIT-USDT-SWAP,short,2026-07-06 23:46:16,2026-07-06 23:46:39,2.6562,2.6525,0.053124000000000005,21.2496,2956.4181705,0.7187616492157533,8.0,0.38333333333333336,3,4,2,0,,,-0.0,0.17317973044198576,1.5232999999999999,-0.77405189,0.7492481099999999,3.525939829455613,66.74719018,,,23,2026-07-06
LAB-USDT-SWAP,long,2026-07-07 00:00:41,2026-07-07 00:00:49,15.854,15.89,31.708000000000006,133.1736,2907.40963431,4.580489740022664,0.0,0.13333333333333333,4,3,3,0,,,0.0,0.22707203229470618,1.512,-0.6666239999999999,0.8453760000000001,0.6347924813927086,0.0,2.4088529999999997,43.56666666666667,0,2026-07-07
LAB-USDT-SWAP,long,2026-07-07 08:03:49,2026-07-07 08:09:32,13.742,13.724,27.35510243902439,560.7796,2908.2550103099998,19.2823393413573,54.0,5.716666666666667,12,12,11,5,,,-0.9823897540387261,0.014553922282045662,9.72299996,-2.8087595,6.914240459999999,1.2329693269869304,0.8453759999999999,0.8453760000000001,483.0,8,2026-07-07
SKHYNIX-USDT-SWAP,long,2026-07-07 10:34:33,2026-07-07 10:36:04,1439.09,1448.48,287.81800000000004,290.69618,2915.1692508099995,9.971845714248945,0.0,1.5166666666666666,1,2,0,0,,,0.0,0.6573598593555774,9.529539999999999,-1.45824567,8.071294329999999,2.77653952315438,7.759616459999998,5.577946379999998,1372.5666666666666,10,2026-07-07
SKHYNIX-USDT-SWAP,long,2026-07-07 10:48:40,2026-07-07 10:56:21,1429.54,1439.01,285.91659000000004,285.91659,2923.24054514,9.78080953602492,0.0,7.683333333333334,2,10,1,0,,-0.663613811505881,0.0,0.6638499097611827,9.431450000000002,-1.4342986900000005,7.997151310000001,2.797022484774319,15.830910789999999,8.071294329999999,12.6,10,2026-07-07
SKHYNIX-USDT-SWAP,long,2026-07-07 12:19:31,2026-07-07 12:57:04,1406.07,1402.64,279.999,559.998,2932.60897369,19.095556380821343,1626.0,37.55,9,14,8,4,,,-0.8641106061575754,0.0,5.378419980000001,-2.16158755,3.216832430000001,0.5744364140586218,23.8280621,7.997151310000001,83.16666666666667,12,2026-07-07
SKHYNIX-USDT-SWAP,long,2026-07-07 13:06:19,2026-07-07 13:07:05,1383.94,1387.13,276.7896,276.7896,2935.82580615,9.42799805833773,1.0,0.7666666666666667,6,8,5,0,,-0.7159664830119428,0.0,0.24712053990778582,3.2126200000000003,-1.19830589,2.01431411,0.7277419780222956,27.04489453,3.216832430000001,9.25,13,2026-07-07
SKHYNIX-USDT-SWAP,short,2026-07-07 14:04:24,2026-07-07 14:05:23,1455.67,1450.04,291.1324270109235,293.170354,2937.8401202699997,9.979111932512392,0.0,0.9833333333333333,2,7,1,0,,,-0.0,0.39706801678951464,5.66978995,-1.46301689,4.20677306,1.434924439870206,29.059208639999998,2.01431411,57.31666666666667,14,2026-07-07
LAB-USDT-SWAP,long,2026-07-07 14:46:21,2026-07-07 15:02:18,13.924,13.753,27.346635714285714,782.25825377,2942.0468934,26.588911805752254,850.0,15.95,22,18,21,19,,,-3.138465958058023,0.0,22.64099991,-3.2707494999999995,19.37025041,2.4761963605557877,33.2659817,6.914240459999999,396.81666666666666,14,2026-07-07
LAB-USDT-SWAP,short,2026-07-07 18:09:46,2026-07-07 18:14:37,11.99,12.172,24.40937333333333,732.2812,3008.53673592,24.340111631579298,61.0,4.85,12,18,11,10,,,-2.768974145120917,-0.0,10.28799993,-3.656262,6.63173793,0.9056272276278566,52.63623211,19.37025041,187.46666666666667,18,2026-07-07
LAB-USDT-SWAP,short,2026-07-07 18:15:07,2026-07-07 18:25:16,12.308,13.361,25.60216102236422,4006.7382,3015.16847392,132.8860471531419,504.0,10.15,53,34,52,52,0.040640494188393106,2.6522101751459415,-8.555411114722133,-0.0,-874.20800012,-16.788747999999995,-890.9967481199999,-22.23745859212863,59.26797004000002,6.63173793,0.5,18,2026-07-07
LAB-USDT-SWAP,long,2026-07-07 18:25:26,2026-07-07 18:28:09,13.314,13.601,13.314000000000005,3108.819,3124.9486139600003,99.48384386584966,1.0,2.716666666666667,13,146,12,0,2.9300347893312706,11.042535446205171,0.0,2.3659305993690705,693.2899999999996,-22.10837800000001,671.1816219999996,21.589601131490756,-831.7287780799999,-890.9967481199999,0.16666666666666666,18,2026-07-07
LAB-USDT-SWAP,long,2026-07-07 18:31:52,2026-07-07 18:32:25,13.532,13.671,13.54225811965812,792.2221,3796.13023596,20.869202339146188,0.0,0.55,46,22,45,0,-0.7117176608702036,12.860717264386977,0.0,1.0715341412947055,76.95499992,-7.347064699999998,69.60793522,8.786416740961911,-160.54715608000026,671.1816219999996,3.716666666666667,18,2026-07-07
LAB-USDT-SWAP,long,2026-07-07 18:33:38,2026-07-07 18:35:27,13.438,13.219,13.184974778141056,2822.9031,3865.73817126,73.02364968706357,92.0,1.8166666666666667,20,132,19,15,-0.6946497191841483,12.076730608840712,-2.597112665575241,0.007441583568978949,95.80199933999992,-19.880787899999994,75.92121143999992,2.689472813997757,-90.93922086000026,69.60793522,1.2166666666666666,18,2026-07-07
LAB-USDT-SWAP,short,2026-07-07 18:36:23,2026-07-07 18:36:33,13.08,12.858,13.07721052631579,447.2406,3941.65938336,11.346505532366862,0.0,0.16666666666666666,21,43,20,0,-3.340230564587643,9.090909090909083,-0.0,1.7737003058103884,76.84199983000002,-4.120160999999999,72.72183883000002,16.26011565810439,-15.01800942000034,75.92121143999992,0.9333333333333333,18,2026-07-07
LAB-USDT-SWAP,long,2026-07-07 19:01:11,2026-07-07 19:03:16,10.343,10.077,20.01032432432432,592.3056,4014.38122236,14.754592730278656,43.0,2.0833333333333335,6,11,5,4,,-23.56636121785398,-5.0372232427728925,0.0,22.12999993,-2.3787946,19.75120533,3.3346308611635616,57.703829409999685,72.72183883000002,24.633333333333333,19,2026-07-07
LAB-USDT-SWAP,short,2026-07-07 21:21:38,2026-07-07 21:21:48,7.249,7.175,14.498000000000001,200.0724,4034.1324277599997,4.959490140265241,0.0,0.16666666666666666,3,2,2,0,,,-0.0,1.0346254655814513,10.295,-0.7190276,9.5759724,4.786253576205414,77.45503473999969,19.75120533,138.36666666666667,21,2026-07-07
LAB-USDT-SWAP,long,2026-07-07 21:30:47,2026-07-07 21:31:59,7.47,7.501,14.94,179.28,4057.01474735,4.419012775763358,0.0,1.2,1,17,0,0,,3.048696371913362,0.0,0.46854082998661895,3.912,-0.629436,3.282564,1.8309705488621149,87.03100713999969,9.5759724,8.983333333333333,21,2026-07-07
LAB-USDT-SWAP,short,2026-07-07 22:15:39,2026-07-07 22:15:48,8.031,7.961,16.060480000000002,80.3024,4060.29731135,1.9777467964113302,0.0,0.15,5,1,4,0,,,-0.0,0.8716224629560454,3.462,-0.334738,3.127262,3.8943568311781465,90.31357113999968,3.282564,43.666666666666664,22,2026-07-07
ETH-USDT-SWAP,short,2026-07-07 23:38:04,2026-07-08 01:01:01,1796.47,1801.41,17.9647,89.8235,4063.4245733499997,2.210536909903732,0.0,82.95,1,1,0,0,,,-0.27498371806933264,-0.0,-2.47,-0.89947,-3.36947,-3.7512120992835953,93.4408331399997,,,23,2026-07-07
ZEC-USDT-SWAP,short,2026-07-07 23:43:36,2026-07-08 00:07:35,484.27,499.42,0.4997177464966545,3958.33336344,3973.15195585,99.6270318232309,1362.0,23.983333333333334,58,72,57,53,,,-4.123732628492371,-0.0,31.941699589999995,-33.34941491000002,-1.407715320000026,-0.03556333412950968,90.07136313999968,,,23,2026-07-07
LAB-USDT-SWAP,long,2026-07-08 01:02:07,2026-07-08 01:03:33,5.485,5.467,10.854000000000001,162.81,4058.74832544,4.011335193648651,33.0,1.4333333333333333,7,10,6,5,,,-1.5861440291704776,0.0,6.1089999,-0.7348294999999999,5.3741704,3.3008847122412623,0.0,3.127262,166.31666666666666,1,2026-07-08
LAB-USDT-SWAP,short,2026-07-08 07:29:17,2026-07-08 07:29:36,5.908,5.847,11.816,202.0536,4070.19804716,4.964220356328456,1.0,0.31666666666666665,6,7,5,0,,,-0.0,1.049424509140151,10.498999999999999,-0.7604272999999999,9.738572699999999,4.81979667771324,5.374170400000001,5.3741704,385.73333333333335,7,2026-07-08
LAB-USDT-SWAP,short,2026-07-08 08:02:14,2026-07-08 08:02:42,6.121,6.098,12.306000000000001,492.24,4079.93661986,12.06489330260456,22.0,0.4666666666666667,3,21,2,2,,,-1.0455807874530265,0.44110439470674834,22.810000000000002,-1.7114349999999996,21.098565000000004,4.286235372988786,15.1127431,9.738572699999999,32.63333333333333,8,2026-07-08
LAB-USDT-SWAP,short,2026-07-08 09:13:33,2026-07-08 09:14:14,6.465,6.427,12.93,193.95,4101.035184859999,4.729293733348475,2.0,0.6833333333333333,4,5,3,0,,,-0.0,0.5877803557618022,5.7,-0.7264019999999999,4.973598,2.564371229698376,36.211308100000004,21.098565000000004,70.85,9,2026-07-08
SKHYNIX-USDT-SWAP,long,2026-07-08 09:24:10,2026-07-08 09:25:23,1512.1,1520.46,302.42335364727614,327.524492,4106.00878286,7.976711919546019,0.0,1.2166666666666666,6,4,5,0,,,0.0,0.5535348191257228,9.041429979999998,-1.64214318,7.399286799999999,2.259155263417674,41.184906100000006,4.20677306,1158.7833333333333,9,2026-07-08
LAB-USDT-SWAP,short,2026-07-08 09:52:27,2026-07-08 09:52:57,4.848,4.887,9.796413333333332,293.8924,4113.40806968,7.144742146209267,19.0,0.5,15,24,14,8,,,-1.9595709570957132,0.04125412541253759,3.8809998600000006,-1.3203715000000003,2.5606283600000004,0.8712809041676478,48.5841929,4.973598,38.21666666666667,9,2026-07-08
LAB-USDT-SWAP,long,2026-07-08 10:20:20,2026-07-08 10:20:31,4.319,4.354,8.640616666666666,103.6874,4115.96869818,2.519149381428691,0.0,0.18333333333333332,9,6,8,0,,-10.911716171617158,0.0,0.8566797869877352,4.06799996,-0.520471,3.5475289599999997,3.42136938528693,51.14482126,2.5606283600000004,27.383333333333333,10,2026-07-08
LAB-USDT-SWAP,short,2026-07-08 10:38:17,2026-07-08 10:38:45,4.456,4.422,8.90973,178.1946,4119.51622718,4.325619567275804,0.0,0.4666666666666667,8,11,7,0,,3.172030562630246,-0.0,0.8078994614003743,6.707,-0.8876195000000001,5.819380499999999,3.2657445848527393,54.69235022,3.5475289599999997,17.766666666666666,10,2026-07-08
LAB-USDT-SWAP,long,2026-07-08 10:49:06,2026-07-08 10:49:11,4.626,4.643,9.252,207.2448,4125.33560768,5.023707637608423,0.0,0.08333333333333333,1,10,0,0,,7.10812688122251,0.0,0.4323389537397304,4.0600000000000005,-0.7273868,3.3326132000000004,1.6080563661910943,60.51173072,5.819380499999999,10.35,10,2026-07-08
LAB-USDT-SWAP,long,2026-07-08 10:53:26,2026-07-08 10:54:00,4.175,4.165,8.285765,331.4306,4128.66822088,8.02754259409485,18.0,0.5666666666666667,8,17,7,7,-9.749243406830965,-6.3061041292639235,-1.5568862275448958,0.0,9.61799983,-1.411462,8.20653783,2.476095396743692,63.84434392,3.3326132000000004,4.25,10,2026-07-08
LAB-USDT-SWAP,short,2026-07-08 11:21:25,2026-07-08 11:23:19,3.818,3.872,7.781458,778.1458,4137.89901066,18.80533570286155,103.0,1.9,25,17,24,17,,-8.550898203592805,-2.8548978522786816,0.02619172341540299,20.753000000000004,-3.1986526,17.554347400000005,2.2559200859273423,72.05088175,8.20653783,27.416666666666668,11,2026-07-08
LAB-USDT-SWAP,short,2026-07-08 11:48:43,2026-07-08 11:48:50,3.521,3.483,7.042,140.84,4155.45335806,3.3892812134883896,0.0,0.11666666666666667,1,10,0,0,,-7.778941854374022,-0.0,1.1360408974723124,7.76,-0.48905999999999994,7.2709399999999995,5.1625532519170685,89.60522915000001,17.554347400000005,25.4,11,2026-07-08
LAB-USDT-SWAP,short,2026-07-08 11:55:15,2026-07-08 11:56:11,3.329,3.427,6.883313333333332,1238.9964,4162.72429806,29.764075429579208,46.0,0.9333333333333333,30,72,29,28,,-5.452996307867075,-5.677380594773185,-0.0,6.2039997399999995,-4.9900695,1.2139302399999998,0.09797689807653999,96.87616915000001,7.2709399999999995,6.416666666666667,11,2026-07-08
LAB-USDT-SWAP,long,2026-07-08 12:17:21,2026-07-08 12:17:50,3.655,3.677,7.31,146.2,4163.93822856,3.5110991560160536,0.0,0.48333333333333334,1,11,0,0,,3.8057370065322393,0.0,0.6566347469220357,4.500000000000001,-0.51395,3.986050000000001,2.7264363885088927,98.09009939,1.2139302399999998,21.166666666666668,12,2026-07-08
LAB-USDT-SWAP,long,2026-07-08 12:20:18,2026-07-08 12:20:23,3.591,3.603,7.182,179.55,4167.92427856,4.307899760166318,0.0,0.08333333333333333,1,12,0,0,-1.7510259917920545,7.870231300690889,0.0,0.3898635477582735,3.3649999999999998,-0.6301075,2.7348925,1.5231927039821775,102.07614939000001,3.986050000000001,2.466666666666667,12,2026-07-08
LAB-USDT-SWAP,long,2026-07-08 12:26:38,2026-07-08 12:26:41,3.395,3.427,6.790000000000001,169.75,4170.65917106,4.070100025863704,1.0,0.05,8,7,7,0,,-7.113543091655261,0.0,1.0309278350515427,8.599,-0.6829599999999998,7.916040000000001,4.663351988217968,104.81104189000001,2.7348925,6.25,12,2026-07-08
LAB-USDT-SWAP,long,2026-07-08 14:31:05,2026-07-08 14:31:47,3.32,3.331,6.640312,166.0078,4180.684095080001,3.9708286066236087,0.0,0.7,5,21,4,0,,,0.0,0.3614457831325302,2.727,-0.8314024999999998,1.8955975,1.1418725505669012,112.72708189000001,7.916040000000001,124.4,14,2026-07-08
LAB-USDT-SWAP,short,2026-07-08 14:39:44,2026-07-08 14:41:00,2.822,2.828,5.68,284.0,4182.5796925800005,6.790067873753201,18.0,1.2666666666666666,4,2,3,1,,-14.999999999999991,-1.275690999291279,-0.0,6.074,-1.007895,5.066105,1.7838397887323947,114.62267939,1.8955975,7.95,14,2026-07-08
LAB-USDT-SWAP,short,2026-07-08 18:05:07,2026-07-08 18:05:45,2.16,2.145,4.318608,107.9652,4188.26331094,2.5778035425324926,0.0,0.6333333333333333,7,5,6,0,,,-0.0,0.6944444444444531,3.5759999999999996,-0.538038,3.0379619999999994,2.813834457769725,119.68878439000001,5.066105,204.11666666666667,18,2026-07-08
LAB-USDT-SWAP,short,2026-07-08 18:16:18,2026-07-08 18:18:02,2.043,2.065,4.153368333333334,498.4042,4191.30127294,11.891395238462374,48.0,1.7333333333333334,26,14,25,19,,-5.41666666666667,-2.7900146842878115,0.09789525208028227,15.03499993,-2.2955035,12.739496429999999,2.556057198153627,122.72674639000002,3.0379619999999994,10.55,18,2026-07-08
LAB-USDT-SWAP,long,2026-07-08 18:41:15,2026-07-08 18:41:45,2.169,2.193,4.319,259.14,4204.04076944,6.164069622819542,12.0,0.5,2,19,1,1,,6.167400881057272,-0.875979714153996,1.152604887044717,20.325000000000003,-0.9171524999999995,19.407847500000003,7.489329127112759,135.46624282,12.739496429999999,23.216666666666665,18,2026-07-08
LAB-USDT-SWAP,short,2026-07-08 18:50:10,2026-07-08 18:50:42,2.231,2.229,4.481426666666666,268.8856,4223.448616940001,6.366493933926789,18.0,0.5333333333333333,13,12,12,8,,2.858460119870898,-0.9412819363514124,0.13446884805018433,7.11999996,-1.340868,5.779131960000001,2.149290240905426,154.87409032000002,19.407847500000003,8.416666666666666,18,2026-07-08
LAB-USDT-SWAP,short,2026-07-08 19:22:49,2026-07-08 19:22:53,2.389,2.377,4.7780000000000005,143.34,4229.22774894,3.3892712454638145,0.0,0.06666666666666667,4,1,3,0,,,-0.0,0.5023022185014603,3.6,-0.5457588,3.0542412,2.130766848053579,160.65322228,5.779131960000001,32.11666666666667,19,2026-07-08
LAB-USDT-SWAP,short,2026-07-08 19:35:13,2026-07-08 19:37:39,2.455,2.542,5.071655421686747,1683.7896,4232.28199014,39.784437897161524,116.0,2.433333333333333,74,57,73,64,,2.7626622017580704,-5.050916496945024,0.04073319755600879,-14.98500018,-7.676738399999999,-22.661738579999998,-1.3458770965208477,163.70746348,3.0542412,12.333333333333334,19,2026-07-08
LAB-USDT-SWAP,short,2026-07-08 19:37:52,2026-07-08 19:38:36,2.564,2.537,5.126063333333334,307.5638,4209.62025174,7.306212475409675,0.0,0.7333333333333333,7,13,6,0,4.439918533604881,7.325240686479706,-0.0,1.0920436817472678,15.68399995,-1.2662443,14.41775565,4.687728416022951,141.0457249,-22.661738579999998,0.21666666666666667,19,2026-07-08
LAB-USDT-SWAP,short,2026-07-08 19:48:21,2026-07-08 19:48:24,2.439,2.424,4.878,68.7798,4224.03800744,1.628295007735604,0.0,0.05,2,2,1,0,,2.0929259104227826,-0.0,0.6150061500615034,2.115,-0.3428415,1.7721585000000002,2.576568265682657,155.46348055,14.41775565,9.75,19,2026-07-08
LAB-USDT-SWAP,short,2026-07-08 19:53:54,2026-07-08 19:54:23,2.439,2.417,4.878000000000001,77.5602,4225.81016594,1.83539243255967,0.0,0.48333333333333334,3,4,2,0,,-0.6517311608961296,-0.0,0.9020090200902109,3.498,-0.2697117,3.2282883,4.16230012300123,157.23563905,1.7721585000000002,5.5,19,2026-07-08
LAB-USDT-SWAP,short,2026-07-09 08:17:07,2026-07-09 08:17:16,1.121,1.112,2.242,210.9722,4231.68520624,4.985536251347395,0.0,0.15,17,22,16,0,,,-0.0,0.8920606601248937,8.597999999999999,-1.050562,7.547437999999999,3.577456176690578,0.0,3.2282883,742.7333333333333,8,2026-07-09
LAB-USDT-SWAP,short,2026-07-09 08:30:26,2026-07-09 08:31:25,1.153,1.149,2.306,207.54,4239.232644240001,4.895697344706763,0.0,0.9833333333333333,6,49,5,0,,2.8545941123996554,-0.0,0.43365134431917474,3.7969999999999997,-0.8123501000000002,2.9846498999999995,1.4381082682856314,7.547438,7.547437999999999,13.166666666666666,8,2026-07-09
EDGE-USDT-SWAP,short,2026-07-09 08:42:31,2026-07-09 08:51:44,0.4187,0.4231,0.8462932203389834,1697.6642,4242.21729414,40.01832254903759,437.0,9.216666666666667,30,46,29,23,,,-1.6479579651301535,0.02388344877000126,5.381999790000002,-6.813344800000003,-1.4313450100000011,-0.0843126108213863,10.532087899999999,,,8,2026-07-09
SKHYNIX-USDT-SWAP,long,2026-07-09 08:56:25,2026-07-09 09:01:47,1478.68,1488.8,295.7729860139859,253.773222,4240.78594934,5.984108253317881,0.0,5.366666666666666,18,4,17,0,,,0.0,0.6843941894121741,8.524289979999999,-1.1005418,7.423748179999999,2.9253473323517163,9.100742889999998,7.399286799999999,1411.0333333333333,8,2026-07-09
EDGE-USDT-SWAP,short,2026-07-09 09:16:52,2026-07-09 09:18:59,0.4296,0.4308,0.8648545,345.9418,4248.20969755,8.143237378312783,51.0,2.1166666666666667,8,9,7,4,,1.1299435028248483,-1.3268156424581123,-0.0,6.882999999999999,-1.7262674999999994,5.1567324999999995,1.490635852620296,16.524491069999996,-1.4313450100000011,25.133333333333333,9,2026-07-09
LAB-USDT-SWAP,short,2026-07-09 09:22:49,2026-07-09 09:23:01,1.392,1.381,2.7820466666666666,250.3842,4253.3664300499995,5.886730055304843,0.0,0.2,16,21,15,0,,,-0.0,0.8620689655172376,9.742999929999993,-1.1665105999999998,8.576489329999992,3.4253316822706834,21.681223569999993,2.9846498999999995,51.4,9,2026-07-09
LAB-USDT-SWAP,short,2026-07-09 09:43:45,2026-07-09 09:44:32,1.523,1.52,3.0459999999999994,132.501,4261.942919450001,3.1089341763661893,0.0,0.7833333333333333,4,47,3,0,,9.410919540229878,-0.0,0.26263952724885353,1.5589999999999977,-0.46297400000000005,1.0960259999999977,0.8271831910702543,30.257712899999987,8.576489329999992,20.733333333333334,9,2026-07-09
SKHYNIX-USDT-SWAP,short,2026-07-09 11:49:38,2026-07-09 12:01:25,1447.76,1444.35,289.55199999999996,382.787744,4265.2392627399995,8.974590179358339,0.0,11.783333333333333,1,4,0,0,,,-0.0,0.24175277670331896,4.52531,-1.33749445,3.1878155500000003,0.8327893460455202,31.353738899999986,7.423748179999999,167.85,11,2026-07-09
EDGE-USDT-SWAP,short,2026-07-09 12:15:09,2026-07-09 12:15:20,0.4014,0.3992,0.8028,297.8388,4268.42707829,6.977717893199173,0.0,0.18333333333333332,10,7,9,0,,,-0.0,0.5729945191828567,8.43,-1.3585379999999996,7.071462,2.374258155754052,34.54155444999999,5.1567324999999995,176.16666666666666,12,2026-07-09
EDGE-USDT-SWAP,long,2026-07-09 14:50:20,2026-07-09 14:50:34,0.4541,0.457,0.9082,212.5188,4275.57509783,4.970531335255005,0.0,0.23333333333333334,3,7,2,0,,,0.0,0.6606474344857949,6.8950000000000005,-0.7499879,6.145012100000001,2.891514586003686,41.61301644999998,7.071462,155.0,14,2026-07-09
SNDK-USDT-SWAP,short,2026-07-09 19:44:16,2026-07-09 19:59:41,1800.59,1806.55,362.1030680431723,771.641638,4281.72010993,18.021767378265537,415.0,15.416666666666666,6,15,5,5,,,-1.0552096812711298,-0.0,6.520979929999999,-2.7961500099999994,3.72482992,0.48271499833190706,47.75802854999999,,,19,2026-07-09
BASED-USDT-SWAP,short,2026-07-10 09:10:38,2026-07-10 09:16:07,0.09794,0.09826,0.1975541864375117,1057.50756,4303.37776152,24.57389563742312,122.0,5.483333333333333,32,47,31,30,,,-1.3171329385337938,-0.0,29.69349977,-4.250956210000001,25.442543559999997,2.4058970850288763,0.0,,,9,2026-07-10
LAB-USDT-SWAP,long,2026-07-10 11:10:34,2026-07-10 11:10:46,1.114,1.123,2.228,215.8932,4328.82030531,4.987344929406564,0.0,0.2,8,11,7,0,,,0.0,0.8976660682226134,9.134,-1.0840329999999998,8.049967,3.7286801992837204,25.442543559999997,1.0960259999999977,1526.0333333333333,11,2026-07-10
LAB-USDT-SWAP,long,2026-07-10 12:04:03,2026-07-10 12:05:45,1.166,1.171,2.332,216.4096,4336.8702723100005,4.98999477530443,0.0,1.7,5,4,4,0,,,0.0,0.42881646655232863,4.640000000000001,-1.084368,3.5556320000000006,1.6430102915951976,33.49251055999999,8.049967,53.28333333333333,12,2026-07-10
LAB-USDT-SWAP,short,2026-07-10 13:36:51,2026-07-10 13:37:07,1.072,1.068,2.144,192.96,4340.42590431,4.445646677400774,0.0,0.26666666666666666,2,49,1,0,,,-0.0,0.3731343283582045,3.6000000000000005,-0.9630000000000005,2.637,1.3666044776119401,37.048142559999995,3.5556320000000006,91.1,13,2026-07-10
EDGE-USDT-SWAP,short,2026-07-10 16:14:53,2026-07-10 16:15:08,0.4094,0.4085,0.8188,104.8064,4352.431726119999,2.4079964166015824,5.0,0.25,3,2,2,0,,,-0.0,0.2442598925256445,1.277,-0.4374195,0.8395804999999998,0.8010775105337077,39.68514256,6.145012100000001,1524.3166666666666,16,2026-07-10
EDGE-USDT-SWAP,short,2026-07-10 16:15:52,2026-07-10 16:16:07,0.4121,0.4098,0.8242,216.7646,4353.27130662,4.979349659883753,0.0,0.25,2,6,1,0,0.6595017098192546,0.6595017098192546,-0.0,0.5823829167677763,6.063999999999999,-0.7556440999999998,5.3083559,2.4489035109976443,40.52472305999999,0.8395804999999998,0.7333333333333333,16,2026-07-10
LAB-USDT-SWAP,long,2026-07-10 16:16:36,2026-07-10 16:17:01,1.117,1.119,2.2350720164609053,217.249,4358.57966252,4.984398974467593,0.0,0.4166666666666667,25,28,24,0,,,0.0,0.26857654431513556,2.3309998799999994,-1.0874105,1.2435893799999993,0.5724258247448777,45.83307896,2.637,159.48333333333332,16,2026-07-10
LAB-USDT-SWAP,long,2026-07-10 16:20:24,2026-07-10 16:22:12,1.11,1.115,2.2200000000000024,217.338,4359.82325202,4.985018599075149,0.0,1.8,25,15,24,0,-0.6266786034019645,-0.6266786034019645,0.0,0.45045045045044585,4.895,-1.0891375000000003,3.805862499999999,1.7511261261261255,47.07666834,1.2435893799999993,3.3833333333333333,16,2026-07-10
LAB-USDT-SWAP,short,2026-07-11 00:30:55,2026-07-11 00:31:12,0.983,0.975,1.9659999999999993,98.3,4398.17076054,2.235020087940626,0.0,0.2833333333333333,34,4,33,0,,,-0.0,0.8138351983723258,4.0,-0.48950000000000005,3.5105,3.571210579857579,0.0,3.805862499999999,488.71666666666664,0,2026-07-11
LAB-USDT-SWAP,short,2026-07-11 10:01:39,2026-07-11 10:21:09,0.853,0.863,1.7344613012642618,1124.9716,4401.68126054,25.557770620174075,938.0,19.5,13,24,12,12,,,-3.0480656506447934,-0.0,17.710999890000004,-3.7579111,13.953088790000004,1.2403058699437393,3.5104999999999986,3.5105,570.45,10,2026-07-11
BEAT-USDT-SWAP,short,2026-07-11 11:40:00,2026-07-11 11:43:36,2.7053,2.6971,5.410506862745098,220.74868,4431.38736982,4.981480100417551,0.0,3.6,3,15,2,0,,,-0.0,0.34007318966472466,3.44639994,-1.0249248499999999,2.4214750900000004,1.0969375173613725,17.463588790000003,0.01716695,7147.166666666667,11,2026-07-11
LAB-USDT-SWAP,short,2026-07-11 12:27:48,2026-07-11 12:32:14,0.752,0.756,1.515,303.0,4433.80884497,6.833853478905453,15.0,4.433333333333334,2,12,1,1,,,-1.46276595744681,-0.0,2.9999999999999996,-1.2846,1.7153999999999996,0.566138613861386,19.885063880000004,13.953088790000004,126.65,12,2026-07-11
LAB-USDT-SWAP,long,2026-07-11 15:26:20,2026-07-11 15:27:06,0.775,0.782,1.55,220.875,4435.52424497,4.9796819451607774,0.0,0.7666666666666667,53,1,52,0,,,0.0,0.903225806451613,9.975,-1.1093625,8.8656375,4.013870967741936,21.600463880000007,1.7153999999999996,174.1,15,2026-07-11
KAT-USDT-SWAP,short,2026-07-11 16:01:09,2026-07-11 16:02:17,0.005717,0.005658,0.19056666666666666,221.8196,4444.38988247,4.9910022717611415,0.0,1.1333333333333333,2,12,1,0,,,-0.0,1.0844848696868858,7.002600000000001,-0.4623198599999999,6.540280140000001,2.948468097499049,30.466101380000005,,,16,2026-07-11
LAB-USDT-SWAP,short,2026-07-11 18:05:19,2026-07-11 18:20:04,0.776,0.781,1.5639999999999996,187.68,4450.93016261,4.21664670402165,834.0,14.75,37,6,36,4,,,-1.1597938144329856,-0.0,1.2,-0.9378,0.2622,0.13970588235294115,37.006381520000005,8.8656375,158.21666666666667,18,2026-07-11
LAB-USDT-SWAP,short,2026-07-11 18:58:29,2026-07-11 19:11:08,0.845,0.875,1.7501887292817666,1178.612064,4451.192362610001,26.47856951544797,587.0,12.65,107,136,106,103,,,-5.56213017751479,-0.0,25.872999239999984,-6.901575099999998,18.971424139999986,1.609641095613288,37.26858152000001,0.2622,38.416666666666664,18,2026-07-11
BEAT-USDT-SWAP,short,2026-07-11 23:01:18,2026-07-11 23:01:50,2.7254,2.7175,5.450033251833741,222.90636,4472.1282886,4.984346280231171,2.0,0.5333333333333333,5,16,4,0,,,-0.0,0.3375651280545955,3.2136999,-0.92571745,2.28798245,1.0264321080834122,56.24000565999999,2.4214750900000004,677.7,23,2026-07-11
LAB-USDT-SWAP,short,2026-07-11 23:27:10,2026-07-11 23:27:21,0.771,0.769,1.5420000000000003,154.2,4474.41627115,3.446259593552926,0.0,0.18333333333333332,36,5,35,0,,,-0.0,0.25940337224383825,2.0,-0.7699999999999999,1.23,0.7976653696498056,58.527988109999995,18.971424139999986,256.03333333333336,23,2026-07-11
LAB-USDT-SWAP,short,2026-07-12 08:33:29,2026-07-12 08:35:11,0.555,0.565,1.129473224316564,904.821,4475.64627115,20.2165440515814,22.0,1.7,118,22,117,112,,,-2.702702702702675,-0.0,1.3899998799999995,-4.523410000000002,-3.1334101200000024,-0.3463016574549002,0.0,1.23,546.1333333333333,8,2026-07-12
LAB-USDT-SWAP,short,2026-07-12 08:35:43,2026-07-12 08:40:10,0.563,0.561,1.126,225.2,4472.5128611499995,5.0352007247687425,0.0,4.45,1,11,0,0,1.4414414414414267,1.4414414414414267,-0.0,0.3552397868561097,4.0,-1.124,2.876,1.2770870337477798,-3.1334101200000024,-3.1334101200000024,0.5333333333333333,8,2026-07-12
LAB-USDT-SWAP,short,2026-07-12 08:49:15,2026-07-12 08:49:18,0.54,0.536,1.08,216.0,4475.38886115,4.826396246258173,0.0,0.05,1,1,0,0,,-2.7027027027027084,-0.0,0.7407407407407418,8.0,-1.076,6.9239999999999995,3.2055555555555553,-0.25741012000000296,2.876,9.083333333333334,8,2026-07-12
LAB-USDT-SWAP,short,2026-07-12 09:06:20,2026-07-12 09:06:40,0.516,0.516,1.032,206.4,4482.312861150001,4.604765584057093,0.0,0.3333333333333333,1,2,0,0,,-8.02139037433156,-0.0,-0.0,0.0,-1.032,-1.032,-0.5,6.6665898799999965,6.9239999999999995,17.033333333333335,9,2026-07-12
LAB-USDT-SWAP,short,2026-07-12 09:16:32,2026-07-12 09:19:18,0.515,0.525,1.0519999999999994,1472.8,4481.28086115,32.865603510109956,102.0,2.7666666666666666,37,59,36,36,,-4.629629629629628,-3.300970873786402,-0.0,14.0,-7.356999999999994,6.643000000000006,0.45104562737642623,5.6345898799999965,-1.032,9.866666666666667,9,2026-07-12
LAB-USDT-SWAP,long,2026-07-13 09:19:29,2026-07-13 09:22:06,0.434,0.433,0.8633813671153339,654.2704,4487.9238611499995,14.578464792233522,129.0,2.6166666666666667,14,20,13,7,,,-0.9216589861751112,0.0,6.421999859999998,-3.274563,3.147436859999998,0.4810605615048454,0.0,6.643000000000006,1440.1833333333334,9,2026-07-13
BEAT-USDT-SWAP,long,2026-07-13 10:27:23,2026-07-13 10:53:07,2.6699,2.6245,5.241523322575166,3085.68478,4494.9982796799995,68.64707365849473,1111.0,25.733333333333334,64,84,63,62,,,-2.8840031461852433,0.0,26.600099550000003,-8.670776599999998,17.929322950000007,0.5810484293862319,3.147436859999999,2.28798245,2125.55,10,2026-07-13
SKHYNIX-USDT-SWAP,short,2026-07-13 11:54:30,2026-07-13 12:01:12,1294.33,1291.6,258.8583720038351,269.989282,4515.04660579,5.979767332938966,0.0,6.7,7,7,6,0,,,-0.0,0.21169253590660464,2.81566998,-1.3485386,1.46713138,0.5434035637014657,21.076759810000006,3.1878155500000003,5753.083333333333,11,2026-07-13
BEAT-USDT-SWAP,short,2026-07-13 16:17:12,2026-07-13 16:40:34,2.6392,2.6468,5.278954666666667,237.55296,4516.51373722,5.259653215318645,197.0,23.366666666666667,3,10,2,1,,,-0.28796605031826683,-0.0,-3.2292000300000003,-0.9510596400000001,-4.180259670000001,-1.759716936383365,22.543891190000007,17.929322950000007,324.0833333333333,16,2026-07-13
BILL-USDT-SWAP,long,2026-07-13 16:48:07,2026-07-13 16:48:53,0.05091,0.05116,1.0182561085972852,225.0346,4521.722191469999,4.9767453742407355,1.0,0.7666666666666667,5,16,4,0,,,0.0,0.5303476723629963,5.60099995,-1.0332623,4.56773765,2.029793485090737,18.363631520000006,,,16,2026-07-13
BILL-USDT-SWAP,long,2026-07-13 17:05:35,2026-07-13 17:10:26,0.05188,0.05197,1.03724,207.448,4426.50569533,4.6864957209669775,77.0,4.85,10,16,9,5,,1.905323119230018,-0.23130300693909867,0.21202775636082194,2.30799984,-0.7955956,1.51240424,0.7290522154949673,22.931369170000007,4.56773765,16.7,17,2026-07-13
BEAT-USDT-SWAP,long,2026-07-13 20:50:25,2026-07-13 20:50:33,2.444,2.4513,4.888,220.4488,4428.50007274,4.97795633688686,0.0,0.13333333333333333,1,8,0,0,,,0.0,0.34369885433715996,3.5512000000000006,-0.7733464000000001,2.7778536000000003,1.2600901433802316,24.443773410000006,-4.180259670000001,249.85,20,2026-07-13
SNDK-USDT-SWAP,short,2026-07-13 21:34:55,2026-07-13 21:36:16,1766.01,1756.26,353.202,220.75125,4431.27792634,4.981661129576876,0.0,1.35,1,10,0,0,,,-0.0,0.5617182235661211,6.12274,-1.1006949,5.022045100000001,2.2749792356781673,27.221627010000006,3.72482992,5855.233333333334,21,2026-07-13
LAB-USDT-SWAP,short,2026-07-14 09:23:43,2026-07-14 09:26:16,0.2424,0.2428,0.4867023779724657,388.8752,4446.768321439999,8.745119419085686,31.0,2.55,13,39,12,4,,,-0.7838283828382808,0.04125412541254869,7.050799789999999,-1.6168443299999997,5.43395546,1.3973520193625102,0.0,3.147436859999998,1441.6166666666666,9,2026-07-14
BILL-USDT-SWAP,long,2026-07-14 10:51:25,2026-07-14 10:51:41,0.05723,0.05739,1.144853886010363,220.9568,4452.20227711,4.962865257403058,0.0,0.26666666666666666,12,14,11,0,,,0.0,0.33199370959287045,3.0209998699999994,-1.1062945,1.9147053699999994,0.8665519096945646,5.43395546,1.51240424,1060.9833333333333,10,2026-07-14
LAB-USDT-SWAP,long,2026-07-14 11:32:56,2026-07-14 11:33:57,0.2931,0.2902,0.5761151726322458,909.3978,4454.11698261,20.417016516416588,51.0,1.0166666666666666,24,102,23,23,,,-2.3882633913340223,0.0,39.96789945,-3.5481754400000005,36.419724009999996,4.004817694742608,7.34866083,5.43395546,126.66666666666667,11,2026-07-14
LAB-USDT-SWAP,short,2026-07-14 11:43:20,2026-07-14 11:43:36,0.3258,0.3222,0.6512841999999999,260.51368,4490.53670717,5.8013929511819855,0.0,0.26666666666666666,16,7,15,0,,11.156601842374592,-0.0,1.104972375690605,13.120299999999999,-1.1215517699999997,11.998748229999999,4.605803514809663,43.768384839999996,36.419724009999996,9.383333333333333,11,2026-07-14
LAB-USDT-SWAP,long,2026-07-14 11:47:10,2026-07-14 11:47:18,0.3343,0.3391,0.6686,267.44,4502.5354554,5.939764442704227,0.0,0.13333333333333333,3,15,2,0,2.608962553713945,14.056635960423058,0.0,1.4956625785222943,18.996499999999997,-0.97582583,18.020674169999996,6.738211998953035,55.76713307,11.998748229999999,3.566666666666667,11,2026-07-14
LAB-USDT-SWAP,long,2026-07-14 11:59:10,2026-07-14 11:59:32,0.3364,0.3374,0.6728,201.84,4520.556129570001,4.464937370862801,0.0,0.36666666666666664,5,13,4,0,,14.773114977823255,0.0,0.3567181926278362,3.2485000000000004,-0.8125164500000001,2.4359835500000004,1.2068884017043204,73.78780723999999,18.020674169999996,11.866666666666667,11,2026-07-14
LAB-USDT-SWAP,long,2026-07-14 12:03:49,2026-07-14 12:03:52,0.3609,0.3619,0.7218,216.54,4522.99211312,4.787538748340394,0.0,0.05,1,10,0,0,7.28299643281809,24.10591471801926,0.0,0.3047935716264938,3.0692000000000004,-0.7594246,2.3097754000000004,1.0666737785166716,76.22379078999998,2.4359835500000004,4.283333333333333,12,2026-07-14
LAB-USDT-SWAP,long,2026-07-14 12:13:18,2026-07-14 12:14:03,0.3834,0.3844,0.7609175125340832,865.08712,4525.30188852,19.116672021254406,40.0,0.75,62,91,61,53,,17.679558011049746,-1.2519561815336533,0.5216484089723528,48.91599961999997,-3.7642103799999984,45.15178923999997,5.2193343532845535,78.53356618999999,2.3097754000000004,9.433333333333334,12,2026-07-14
LAB-USDT-SWAP,long,2026-07-14 12:26:14,2026-07-14 12:27:50,0.3798,0.3734,0.7476615013566476,247.99932,4570.45367814,5.426142292747757,82.0,1.6,3,28,2,2,,12.901307966706321,-1.7377567140600458,0.0,-0.8815001999999997,-0.9243205899999998,-1.8058207899999994,-0.7281555409103538,123.68535542999996,45.15178923999997,12.183333333333334,12,2026-07-14
LAB-USDT-SWAP,long,2026-07-14 12:31:22,2026-07-14 12:31:35,0.405,0.4091,0.8107028666666668,243.21086,4568.64785755,5.323475732498787,0.0,0.21666666666666667,16,6,15,0,8.520900321543422,12.219451371571077,0.0,1.0370370370370363,11.415999960000002,-1.2217623,10.194237660000002,4.19152239336681,121.87953463999997,-1.8058207899999994,3.533333333333333,12,2026-07-14
LAB-USDT-SWAP,long,2026-07-14 12:35:30,2026-07-14 12:35:44,0.4141,0.4145,0.8281999999999999,248.46,4578.84209525,5.4262626845714435,1.0,0.23333333333333334,9,19,8,0,2.246913580246912,8.007303077725613,0.0,0.14489253803429136,1.5445,-0.8731153099999999,0.6713846900000001,0.270218421476294,132.07377229999997,10.194237660000002,3.9166666666666665,12,2026-07-14
LAB-USDT-SWAP,long,2026-07-14 12:42:14,2026-07-14 12:43:03,0.4185,0.4225,0.837,251.1,4579.51347994,5.483115206449614,0.0,0.8166666666666667,9,15,8,0,,9.154929577464777,0.0,1.0274790919952315,12.372399999999999,-0.8850362000000002,11.487363799999999,4.574816328156113,132.74515698999997,0.6713846900000001,6.5,12,2026-07-14
LAB-USDT-SWAP,long,2026-07-14 12:50:52,2026-07-14 12:51:00,0.4459,0.4498,0.8918,267.54,4591.00084374,5.827487493599587,0.0,0.13333333333333333,9,30,8,0,,17.403896787783047,0.0,1.1661807580174877,13.032499999999994,-0.9429062500000001,12.089593749999993,4.518798590864915,144.23252078999997,11.487363799999999,7.816666666666666,12,2026-07-14
LAB-USDT-SWAP,short,2026-07-14 12:56:32,2026-07-14 12:56:47,0.3324,0.3373,0.6770447555555553,609.34028,4603.09043749,13.237634330127666,5.0,0.25,53,125,52,44,,-10.932475884244376,-3.1889290012033777,-0.0,8.449299209999998,-2.4282854000000023,6.021013809999996,0.9881201042543907,156.32211453999997,12.089593749999993,5.533333333333333,12,2026-07-14
LAB-USDT-SWAP,short,2026-07-14 12:57:37,2026-07-14 12:59:18,0.3217,0.3336,0.6724102666666676,2218.95388,4609.11145209,48.142769014487946,35.0,1.6833333333333333,117,231,116,102,-3.2190132370637725,-13.91490500401391,-7.833385141436122,0.15542430836182897,92.17589912000003,-8.89330634,83.28259278000003,3.753236763082252,162.34312834999997,6.021013809999996,0.8333333333333334,12,2026-07-14
LAB-USDT-SWAP,short,2026-07-15 10:26:59,2026-07-15 10:28:16,0.2345,0.2336,0.469,234.5,4702.45188617,4.986760219486115,2.0,1.2833333333333334,5,7,4,0,,,-0.0,0.4264392324093702,4.85,-0.818325,4.031675,1.719264392324094,0.0,83.28259278000003,1287.6833333333334,10,2026-07-15
LAB-USDT-SWAP,short,2026-07-15 10:41:29,2026-07-15 10:47:00,0.2232,0.2291,0.45896092140802386,4180.12428,4706.48356117,88.81629406904482,193.0,5.516666666666667,85,339,84,84,,-4.818763326226005,-4.077060931899634,-0.0,46.848598809999956,-17.094174540000004,29.75442426999995,0.7118071683265826,4.031675,4.031675,13.216666666666667,10,2026-07-15
LAB-USDT-SWAP,short,2026-07-15 10:49:37,2026-07-15 10:50:19,0.2323,0.2315,0.46459999999999996,232.3,4736.237986630001,4.904736642368126,1.0,0.7,6,32,5,0,0.0,-0.9381663113006256,-0.0,0.38743004735256603,4.145199999999999,-0.9413673899999997,3.203832609999999,1.3791789108910888,33.78609926999995,29.75442426999995,2.6166666666666667,10,2026-07-15
LAB-USDT-SWAP,long,2026-07-15 10:53:27,2026-07-15 10:54:47,0.2342,0.2362,0.46840000000000004,46.84,4739.44181924,0.9883020361142676,0.0,1.3333333333333333,2,2,1,0,0.817907877744295,-0.12793176972281106,0.0,0.853970964987183,2.0,-0.23520000000000002,1.7648,3.767719897523484,36.98993187999995,3.203832609999999,3.1333333333333333,10,2026-07-15
LAB-USDT-SWAP,long,2026-07-15 11:51:41,2026-07-15 12:05:58,0.2453,0.2414,0.4825944985961154,2111.20771757,4741.206619240001,44.52891188084141,624.0,14.283333333333333,133,258,132,124,,,-2.4459845087647647,0.0,25.737598999999946,-9.414145580000024,16.32345341999992,0.7731808331388734,38.75473187999995,1.7648,56.9,11,2026-07-15
LAB-USDT-SWAP,long,2026-07-15 15:35:15,2026-07-15 15:35:45,0.2397,0.2427,0.47940000000000005,239.7,4759.39812078,5.036351108209381,0.0,0.5,6,31,5,0,,,0.0,1.2932832707551078,13.198300000000003,-1.2050991500000001,11.993200850000003,5.003421297455154,55.07818529999988,16.32345341999992,209.28333333333333,15,2026-07-15
LAB-USDT-SWAP,short,2026-07-16 08:15:04,2026-07-16 08:15:05,0.2338,0.2354,0.4676,237.96164,4771.694174759999,4.9869424000118086,1.0,0.016666666666666666,20,76,19,0,,,-0.6843455945252375,0.9409751924722043,4.651099999999999,-0.9044677499999995,3.7466322499999993,1.5744689984486575,0.0,11.993200850000003,999.3166666666667,8,2026-07-16
LAB-USDT-SWAP,short,2026-07-16 08:20:54,2026-07-16 08:24:01,0.2269,0.2276,0.4560917199999997,456.09172,4775.44080701,9.550777371808076,10.0,3.1166666666666667,40,28,39,30,,-2.951240376390085,-1.0577346848832159,0.044072278536799736,5.158600000000001,-2.2778793,2.880720700000001,0.6316099533663976,3.7466322499999998,3.7466322499999993,5.816666666666666,8,2026-07-16
LAB-USDT-SWAP,long,2026-07-16 10:26:05,2026-07-16 10:44:28,0.2368,0.2367,0.46926513761467886,40.91992,4778.32152771,0.8563659804536171,523.0,18.383333333333333,7,8,6,5,,,-1.3513513513513598,0.04222972972971473,1.8057999599999999,-0.18617962000000002,1.6196203399999998,3.9580242092359907,6.62735295,2.880720700000001,122.06666666666666,10,2026-07-16
BASED-USDT-SWAP,short,2026-07-16 20:40:40,2026-07-16 20:40:53,0.09642,0.09544,0.19282393574297194,240.0658,4814.85838153,4.985936884891621,0.0,0.21666666666666667,11,15,10,0,,,-0.0,1.109728272142707,12.372199910000003,-1.1941429,11.178057010000003,4.65624716640188,8.24697329,25.442543559999997,9324.55,20,2026-07-16
LAB-USDT-SWAP,short,2026-07-16 20:51:58,2026-07-16 20:56:14,0.2087,0.2096,0.4174,208.7,4826.03643863,4.324459681436743,0.0,4.266666666666667,23,65,22,0,,,-0.4312410158121782,-0.0,-4.5,-0.8180374300000002,-5.31803743,-2.548173181600384,19.425030300000003,1.6196203399999998,607.5,20,2026-07-16
LAB-USDT-SWAP,short,2026-07-16 21:03:11,2026-07-16 21:04:30,0.207,0.2064,0.414,207.0,4820.7184012,4.29396581116359,0.0,1.3166666666666667,7,18,6,0,,-0.8145663632007749,-0.0,0.28985507246376274,2.9999999999999996,-1.0335,1.9664999999999995,0.9499999999999998,14.106992870000003,-5.31803743,6.95,21,2026-07-16
SKHYNIX-USDT-SWAP,long,2026-07-17 08:52:47,2026-07-17 08:57:14,1178.54,1191.86,235.70800000000003,240.42216,4823.04722004,4.984860173067227,1.0,4.45,6,4,5,0,,,0.0,1.1302119571673375,13.586400000000001,-0.9009514999999999,12.685448500000001,5.276322490406043,0.0,1.46713138,5571.583333333333,8,2026-07-17
SKHYNIX-USDT-SWAP,short,2026-07-17 09:00:13,2026-07-17 09:03:21,1193.34,1199.33,238.66800000000003,241.293348,4835.732668539999,4.989799158456192,0.0,3.1333333333333333,9,12,8,0,0.12417565821489784,1.2557910635192737,-0.5019525030586447,-0.0,-6.0382,-1.2094858600000002,-7.24768586,-3.00368241398847,12.685448500000001,12.685448500000001,2.9833333333333334,9,2026-07-17
SKHYNIX-USDT-SWAP,long,2026-07-17 09:03:43,2026-07-17 09:22:22,1198.33,1179.08,238.41253638814015,353.804204,4828.48498271,7.327437183027677,996.0,18.65,10,11,9,5,0.418154088524636,1.6791962937193539,-1.606402243121674,0.0,-19.204130060000004,-1.6229634299999995,-20.827093490000003,-5.886615606749546,5.4377626400000025,-7.24768586,0.36666666666666664,9,2026-07-17
SKHYNIX-USDT-SWAP,short,2026-07-17 09:22:41,2026-07-17 09:31:44,1179.44,1165.94,236.02438798407528,652.135384,4807.6578893000005,13.564513095896505,403.0,9.05,7,3,6,1,-0.4280250905437599,0.07636567278157536,-0.24164010038660866,1.1454588618327377,39.19012998,-3.2410818599999995,35.94904812,5.512513045910724,-15.38933085,-20.827093490000003,0.31666666666666665,9,2026-07-17
O-USDT-SWAP,long,2026-07-17 10:31:09,2026-07-17 10:31:12,0.5759,0.577,1.1518,240.7262,4843.606937449999,4.969978016563303,0.0,0.05,1,21,0,0,,,0.0,0.29519013717660414,2.7130000000000005,-0.8438981999999999,1.8691018000000006,0.7764430294666723,20.55971727,,,10,2026-07-17
O-USDT-SWAP,long,2026-07-17 10:34:32,2026-07-17 10:36:49,0.5952,0.5974,1.184891411042945,386.2746,4845.47603925,7.971860697917907,47.0,2.283333333333333,5,23,4,2,3.351276263240144,3.351276263240144,-1.2264784946236507,0.47043010752687575,16.75599992,-1.4732158999999996,15.282784020000001,3.9564558529087854,22.428819070000003,1.8691018000000006,3.3333333333333335,10,2026-07-17
O-USDT-SWAP,long,2026-07-17 10:45:05,2026-07-17 10:46:59,0.588,0.5918,1.176,235.2,4860.75882335,4.838750667285768,0.0,1.9,7,18,6,0,,2.101059211668699,0.0,0.7312925170068096,7.875000000000001,-0.8994614999999997,6.975538500000001,2.965790178571429,37.711603090000004,15.282784020000001,8.266666666666667,10,2026-07-17
O-USDT-SWAP,long,2026-07-17 11:13:11,2026-07-17 11:26:55,0.604,0.5913,1.1801405714285713,1652.1968,4869.02863558,33.93278051245615,123.0,13.733333333333333,33,44,32,31,,2.7210884353741527,-3.5430463576158866,0.0,19.342999699999996,-5.602206499999999,13.740793199999997,0.8316680676297157,44.68714159,6.975538500000001,26.2,11,2026-07-17
LAB-USDT-SWAP,short,2026-07-17 12:36:28,2026-07-17 12:53:27,0.195,0.1958,0.39180215999999995,195.90108,4882.76942908,4.012089508738307,444.0,16.983333333333334,5,29,4,4,,,-0.9230769230769154,-0.0,1.3671,-0.9788218499999999,0.3882781500000001,0.19820112783451735,58.42793479,1.9664999999999995,931.9666666666667,12,2026-07-17
LAB-USDT-SWAP,long,2026-07-17 17:18:06,2026-07-17 17:18:19,0.1895,0.1908,0.37900000000000006,97.4788,4884.85290376,1.9955319417083779,0.0,0.21666666666666667,2,13,1,0,,,0.0,0.7387862796833788,3.4534,-0.34290249999999994,3.1104974999999997,3.190947672724735,58.81621294,0.3882781500000001,264.65,17,2026-07-17
LRC-USDT-SWAP,long,2026-07-17 23:23:47,2026-07-17 23:24:02,0.01686,0.01699,0.03372,243.93048,4887.96340126,4.99043180104664,0.0,0.25,3,3,2,0,,,0.0,0.8303677342823335,9.985800000000001,-0.85874958,9.127050420000002,3.7416605009755246,61.926710439999994,,,23,2026-07-17
LRC-USDT-SWAP,short,2026-07-18 09:47:07,2026-07-18 09:51:42,0.01474,0.0146,0.029480000000000003,5.12952,103.14715716,4.9730115121284255,0.0,4.583333333333333,1,1,0,0,,,-0.0,0.9497964721845276,0.2436,-0.0255258,0.2180742,4.251356852103121,0.0,9.127050420000002,623.0833333333334,9,2026-07-18
LRC-USDT-SWAP,long,2026-07-18 11:16:52,2026-07-18 11:17:08,0.01602,0.01619,0.03204,249.39936,5000.63970554,4.987349113028496,0.0,0.26666666666666666,7,4,6,0,,,0.0,1.1235955056179803,13.456900000000001,-0.9879053900000001,12.468994610000001,4.999609706295958,0.21807420000000022,0.2180742,85.16666666666667,11,2026-07-18
LRC-USDT-SWAP,long,2026-07-18 12:24:19,2026-07-18 12:25:03,0.01601,0.01618,0.03202,249.85206,5013.10870015,4.9839745145068175,1.0,0.7333333333333333,6,6,5,0,,,0.0,1.124297314178646,13.3249,-0.88114466,12.44375534,4.980449366717248,12.687068810000003,12.468994610000001,67.18333333333334,12,2026-07-18
LRC-USDT-SWAP,long,2026-07-18 12:42:24,2026-07-18 13:01:16,0.01614,0.01621,0.032042668085106384,753.0027,5025.552455489999,14.983481053459247,353.0,18.866666666666667,13,26,12,7,,0.8119925046845777,-1.4250309789343274,0.4337050805452103,35.24299984000001,-3.687174999999998,31.555824840000014,4.190665563350572,25.130824150000002,12.44375534,17.35,12,2026-07-18
LRC-USDT-SWAP,short,2026-07-18 13:38:10,2026-07-18 13:38:18,0.01467,0.01457,0.029323695,234.58956,5062.20822823,4.63413493525975,0.0,0.13333333333333333,7,5,6,0,,,-0.0,0.6816632583503845,7.34779999,-1.1692739,6.17852609,2.633760040301879,56.686648990000016,31.555824840000014,36.9,13,2026-07-18
BILL-USDT-SWAP,short,2026-07-19 11:03:32,2026-07-19 11:06:40,0.02729,0.02737,0.5483070422535211,506.0874,5069.63914888,9.982710507350536,34.0,3.1333333333333333,10,13,9,4,,,-0.9527299377061205,0.03664345914253797,4.436999940000001,-2.5282185000000004,1.9087814400000003,0.37716438702089805,0.0,1.9147053699999994,7211.85,11,2026-07-19
BILL-USDT-SWAP,short,2026-07-19 11:22:08,2026-07-19 11:25:33,0.02648,0.02624,0.5296,243.616,5071.547930379999,4.803582719600689,1.0,3.4166666666666665,8,8,7,0,,-2.9681201905459864,-0.0,0.9441087613293098,11.14,-1.0083492,10.131650800000001,4.158860994351767,1.9087814400000003,1.9087814400000003,15.466666666666667,11,2026-07-19
BILL-USDT-SWAP,short,2026-07-19 11:42:45,2026-07-19 11:42:59,0.02496,0.02485,0.4990765217391305,229.5752,5081.679581179999,4.517703179284104,0.0,0.23333333333333334,7,1,6,0,,-5.740181268882171,-0.0,0.4407051282051211,4.776,-1.145488,3.6305119999999995,1.5814042631782526,12.040432240000001,10.131650800000001,17.2,11,2026-07-19
BILL-USDT-SWAP,long,2026-07-19 16:48:23,2026-07-19 16:50:46,0.02674,0.02686,0.5349383966244726,253.5608,5085.31009318,4.986142346364579,0.0,2.3833333333333333,9,9,8,0,,,0.0,0.4861630516080906,5.4739999500000005,-1.2568985,4.21710145,1.663151973806677,15.67094424,3.6305119999999995,305.4,16,2026-07-19
KAITO-USDT-SWAP,short,2026-07-19 21:21:56,2026-07-19 21:24:21,0.9408,0.9397,0.18816000000000005,253.82784,5090.52230137,4.986282840401032,1.0,2.4166666666666665,8,7,7,0,,,-0.0,0.12755102040815647,1.4987,-0.88934153,0.6093584699999999,0.24006762615164665,19.888045690000002,,,21,2026-07-19
KAITO-USDT-SWAP,short,2026-07-19 21:33:11,2026-07-19 21:39:07,0.909,0.9056,0.18177003076923082,236.30104,5091.13165984,4.64142465346155,0.0,5.933333333333334,12,12,11,0,,-3.380102040816324,-0.0,0.3960396039603964,4.32929994,-1.17934055,3.1499593900000002,1.3330281534097355,20.497404160000002,0.6093584699999999,8.833333333333334,21,2026-07-19
SKHYNIX-USDT-SWAP,long,2026-07-20 10:33:05,2026-07-20 10:46:47,1207.46,1210.19,241.49200000000002,298.967096,5000.0,5.97934192,0.0,13.7,2,3,1,0,,,0.0,0.22609444619283714,3.37974,-1.4965253600000001,1.8832146399999998,0.6299069915038408,0.0,35.94904812,4381.35,10,2026-07-20
SKHYNIX-USDT-SWAP,long,2026-07-20 10:48:03,2026-07-20 10:52:43,1209.45,1212.7,241.89,63.37518,5001.88321465,1.2670263834705424,0.0,4.666666666666667,1,2,0,0,-0.06114742313190202,0.1648087721332292,0.0,0.2736781181528647,0.85348,-0.31730263999999997,0.53617736,0.8460368238796324,1.8832146399999998,1.8832146399999998,1.2666666666666666,10,2026-07-20
SKHYNIX-USDT-SWAP,long,2026-07-20 11:11:45,2026-07-20 11:55:54,1203.68,1216.67,240.73600000000002,299.234848,5002.41939201,5.981802494967655,0.0,44.15,3,32,2,0,,-0.5379320602549975,0.0,1.0966369799282338,16.202560000000005,-1.1608656700000004,15.041694330000006,5.026718789784806,2.4193919999999984,0.53617736,19.033333333333335,11,2026-07-20
YB-USDT-SWAP,short,2026-07-20 13:00:44,2026-07-20 13:08:43,0.08717,0.08746,0.029259775636796565,503.82407667,5017.461086400001,10.041414731359499,66.0,7.983333333333333,12,76,11,5,,,-1.3995640702076484,-0.0,6.123819569999998,-1.09891266,5.024906909999999,0.9973534697293287,17.461086330000008,,,13,2026-07-20
SKHYNIX-USDT-SWAP,long,2026-07-20 14:27:22,2026-07-20 14:41:52,1192.26,1194.05,238.452,300.44952,5022.4859938,5.982087762333025,3.0,14.5,3,2,2,0,,,0.0,0.15013503765957115,2.2554,-1.23118234,1.02421766,0.34089508946461283,22.485993240000003,15.041694330000006,151.46666666666667,14,2026-07-20
LAB-USDT-SWAP,short,2026-07-21 08:23:22,2026-07-21 08:36:43,0.1328,0.1316,0.2655999999999999,251.68256,5023.51021146,5.010093528342856,3.0,13.35,23,18,22,0,,,-0.0,0.9036144578313254,10.912,-1.0871028800000002,9.824897120000001,3.903686103637853,0.0,3.1104974999999997,5225.05,8,2026-07-21
SKHYNIX-USDT-SWAP,long,2026-07-21 09:02:31,2026-07-21 09:07:31,1211.69,1224.75,242.338,301.226134,5033.33510858,5.98462306804328,0.0,5.0,2,15,1,0,,,0.0,1.0836104944333957,16.24842,-1.5142548999999996,14.7341651,4.891396674101324,9.824897120000001,1.02421766,1100.65,9,2026-07-21
SKHYNIX-USDT-SWAP,short,2026-07-21 09:17:06,2026-07-21 09:18:20,1233.13,1227.26,246.626,301.870224,5048.0692737,5.979914451109408,0.0,1.2333333333333334,2,2,1,0,,1.7694294745355776,-0.0,0.47602442564855796,7.184880000000001,-1.05295334,6.13192666,2.0313121906319584,24.55906222,14.7341651,9.583333333333334,9,2026-07-21
NIGHT-USDT-SWAP,short,2026-07-21 11:28:25,2026-07-21 11:37:50,0.017905,0.017875,0.3580610426540285,302.20352,5054.20120036,5.979253852784386,0.0,9.416666666666666,6,21,5,0,,,-0.0,0.20664618821559788,2.78879987,-1.0735061199999998,1.7152937500000003,0.5675955561338266,30.69098888,,,11,2026-07-21
SKHYNIX-USDT-SWAP,long,2026-07-21 11:40:34,2026-07-21 11:54:07,1272.81,1279.84,254.5733198653198,302.433104,5055.916494239999,5.981766200936067,0.0,13.55,6,1,5,0,,,0.0,0.5523212419764167,8.28439999,-1.5163077299999999,6.768092260000001,2.2378807645342955,32.40628263,6.13192666,142.23333333333332,11,2026-07-21
LA-USDT-SWAP,long,2026-07-21 12:18:19,2026-07-21 12:19:17,0.05693,0.05738,0.11386,303.20918,5062.68458652,5.989098764069373,0.0,0.9666666666666667,3,18,2,0,,,0.0,0.8255752678728134,12.260499999999997,-1.06736238,11.193137619999996,3.691556311058918,39.17437489,,,12,2026-07-21
LA-USDT-SWAP,short,2026-07-21 12:33:06,2026-07-21 12:38:09,0.05699,0.05778,0.11541665137361115,2088.00264,5073.87772414,41.15200943976054,270.0,5.05,70,124,69,67,,0.10539258738802015,-1.8424284962274218,-0.0,-5.234300690000001,-7.943226789999998,-13.177527479999998,-0.6311068399798574,50.36751251,11.193137619999996,13.816666666666666,12,2026-07-21
LA-USDT-SWAP,long,2026-07-21 12:38:58,2026-07-21 12:39:49,0.05795,0.05845,0.11589999999999999,308.294,5060.70019735,6.091923804564356,1.0,0.85,2,31,1,0,0.7125477928397572,1.7916739855963426,0.0,0.9145815358067244,13.407200000000001,-1.09216505,12.315034950000001,3.994574967401247,37.18998503,-13.177527479999998,0.8166666666666667,12,2026-07-21
LA-USDT-SWAP,long,2026-07-21 12:47:04,2026-07-21 12:47:22,0.05921,0.05967,0.11842000000000001,314.9972,5073.015232299999,6.209269745424889,3.0,0.3,5,19,4,0,,4.004918320744766,0.0,0.8275629116703431,12.6247,-1.14113121,11.483568790000001,3.6456097990712304,49.50501998000001,12.315034950000001,7.25,12,2026-07-21
LA-USDT-SWAP,short,2026-07-21 12:50:36,2026-07-21 13:06:29,0.05764,0.06028,0.1179439274777093,4352.01298,5084.49880109,85.59374581949018,492.0,15.883333333333333,163,280,162,152,-2.651579125147785,1.140550973855059,-4.614850798056902,0.0520471894517649,-460.8083016599999,-17.00042841,-477.8087300699999,-10.979028147797479,60.98858876999998,11.483568790000001,3.2333333333333334,12,2026-07-21
LA-USDT-SWAP,long,2026-07-21 13:06:38,2026-07-21 13:10:21,0.06048,0.0623,0.06048000000000001,1608.768,4606.6900726799995,34.92242748303836,3.0,3.716666666666667,11,253,10,0,0.6322795341098253,4.818024263431542,0.0,3.224206349206349,492.8917000000003,-13.910994650000013,478.9807053500003,29.773137292014777,-416.82014129999993,-477.8087300699999,0.15,13,2026-07-21
LA-USDT-SWAP,long,2026-07-21 13:12:14,2026-07-21 13:17:21,0.06228,0.06159,0.06138252822913799,445.75992,5085.670778029999,8.765017230876886,208.0,5.116666666666666,18,65,17,17,-0.2242870874719638,5.184934977199807,-2.2800256904303207,0.0,11.11499963,-3.182698169999998,7.9323014600000015,1.7795008263641114,62.160564050000346,478.9807053500003,1.8833333333333333,13,2026-07-21
LA-USDT-SWAP,long,2026-07-21 13:32:10,2026-07-21 13:32:30,0.06193,0.06216,0.12386000000000001,304.6956,5093.6030798599995,5.981926648441848,2.0,0.3333333333333333,5,28,4,0,,3.0449251247920195,0.0,0.4359761020507058,6.1079,-1.0784064700000002,5.02949353,1.650661686614444,70.09286551000035,7.9323014600000015,14.816666666666666,13,2026-07-21
LA-USDT-SWAP,long,2026-07-21 13:39:16,2026-07-21 13:41:29,0.06227,0.06271,0.12454,305.123,5098.63257339,5.984408478313402,3.0,2.216666666666667,6,40,5,0,,-0.24030759371996835,0.0,0.8029548739360903,11.245500000000003,-1.0735532500000005,10.171946750000004,3.333720089930947,75.12235904000035,5.02949353,6.766666666666667,13,2026-07-21
LA-USDT-SWAP,long,2026-07-21 13:47:21,2026-07-21 14:03:17,0.06535,0.06492,0.12951564739647398,1579.44332,5108.80452014,30.916104027341362,743.0,15.933333333333334,77,123,76,72,,6.1048871570060115,-1.4231063504208108,0.0,23.367099420000017,-6.1220658,17.245033620000015,1.0918425119554158,85.29430579000035,10.171946750000004,5.866666666666666,13,2026-07-21
LA-USDT-SWAP,short,2026-07-21 15:26:36,2026-07-21 15:26:56,0.0583,0.05782,0.11656180919802357,306.67412,5126.04955434,5.982660072810895,0.0,0.3333333333333333,14,11,13,0,,,-0.0,1.046312178387654,12.858999939999999,-1.5269411000000004,11.332058839999998,3.695146770128499,102.53933941000037,17.245033620000015,83.31666666666666,15,2026-07-21
LA-USDT-SWAP,long,2026-07-21 15:51:02,2026-07-21 15:54:31,0.05889,0.05878,0.1172474,117.2474,5137.381613240001,2.282240425703073,159.0,3.4833333333333334,11,22,10,6,,1.0120068610634636,-0.7301749023603366,0.0,1.68989978,-0.56220238,1.1276974,0.9618101552784966,113.87139825000037,11.332058839999998,24.1,15,2026-07-21
LA-USDT-SWAP,long,2026-07-21 19:38:30,2026-07-21 19:38:44,0.06073,0.06054,0.12146,308.5084,5138.5093108599995,6.003850170086914,0.0,0.23333333333333334,7,36,6,0,,,-0.31286020088918676,0.0,-4.5613,-1.1607595800000001,-5.72205958,-1.8547500100483487,114.99909565000036,1.1276974,223.98333333333332,19,2026-07-21
LA-USDT-SWAP,short,2026-07-21 19:39:42,2026-07-21 19:40:48,0.05876,0.05856,0.11748716634799233,307.22894,5132.7872512799995,5.98561609822001,0.0,1.1,13,33,12,0,-3.243866293429931,-3.243866293429931,-0.0,0.42545949625595325,5.442799860000001,-1.5327185400000003,3.9100813200000006,1.2726930347121599,109.27703607000036,-5.72205958,0.9666666666666667,19,2026-07-21
LA-USDT-SWAP,short,2026-07-22 08:08:10,2026-07-22 08:14:33,0.05503,0.05498,0.1105795207373272,719.87268,5136.69733274,14.014309844804654,161.0,6.383333333333334,9,26,8,5,,,-0.9449391241141081,0.16354715609667725,20.966199859999993,-2.60014093,18.366058929999994,2.5512926716429902,0.0,3.9100813200000006,747.3666666666667,8,2026-07-22
LA-USDT-SWAP,short,2026-07-22 08:29:11,2026-07-22 08:29:15,0.05425,0.05372,0.1085,257.0365,5155.06339181,4.98609775407149,2.0,0.06666666666666667,4,31,3,0,,-1.4174086861711843,-0.0,1.400921658986165,14.6437,-0.9386896500000003,13.70501035,5.331931593372926,18.366058929999994,18.366058929999994,14.633333333333333,8,2026-07-22
LA-USDT-SWAP,long,2026-07-22 10:00:39,2026-07-22 10:29:46,0.05448,0.054,0.10764713370193515,1713.31178,5168.76840216,33.14738921720726,1028.0,29.116666666666667,54,64,53,49,,,-2.2209985315712277,0.0,31.058099679999998,-5.625482950000001,25.432616729999996,1.484412646132626,32.07106927999999,13.70501035,91.4,10,2026-07-22
LAB-USDT-SWAP,long,2026-07-22 11:52:11,2026-07-22 11:52:13,0.1751,0.1759,0.3502,310.87254,5194.20101921,5.984992472379929,0.0,0.03333333333333333,1,17,0,0,,,0.0,1.0850942318674894,7.371600000000001,-1.09173969,6.279860310000001,2.0200755943255717,57.50368600999999,9.824897120000001,1635.4666666666667,11,2026-07-22
LAB-USDT-SWAP,long,2026-07-22 12:00:55,2026-07-22 12:01:10,0.1809,0.183,0.36198170646557737,259.2151,5200.48087952,4.984444823570342,0.0,0.25,16,13,15,0,,3.3123929183323852,0.0,1.2161415146489718,14.39209995,-1.19901555,13.1930844,5.0896280347865535,63.783546319999985,6.279860310000001,8.7,12,2026-07-22
LAB-USDT-SWAP,long,2026-07-22 12:05:09,2026-07-22 12:05:29,0.1807,0.182,0.3614,311.85206,5213.67396397,5.981426191110297,0.0,0.3333333333333333,6,15,5,0,-0.11055831951354289,3.19817247287264,0.0,0.7747648035417942,11.836600000000004,-1.4179984500000002,10.418601550000004,3.340879502287079,76.97663071999999,13.1930844,3.9833333333333334,12,2026-07-22
LAB-USDT-SWAP,long,2026-07-22 12:08:13,2026-07-22 12:10:34,0.1865,0.1871,0.3710974179243259,518.8313,5224.09256552,9.931510467949686,102.0,2.35,12,16,11,5,3.209739900387376,6.510565391205025,-1.0187667560321745,0.37533512064342744,22.39169993,-2.60535235,19.78634758,3.813637993698529,87.39523227,10.418601550000004,2.7333333333333334,12,2026-07-22
LAB-USDT-SWAP,short,2026-07-22 12:38:55,2026-07-22 12:39:02,0.1818,0.1794,0.3636000000000001,261.93744,5243.87891317,4.995108474799909,1.0,0.11666666666666667,8,4,7,0,,-1.5167930660888396,-0.0,1.4301430143014215,17.9847,-1.13751117,16.84718883,6.431760511212143,107.18157984999999,19.78634758,28.35,12,2026-07-22
SKHYNIX-USDT-SWAP,short,2026-07-22 13:37:40,2026-07-22 13:42:30,1263.38,1255.97,252.676,314.834296,5260.726102,5.9846167600382705,0.0,4.833333333333333,4,2,3,0,,,-0.0,0.5865218699045438,9.232859999999999,-1.12800374,8.104856259999998,2.5743244503451423,124.02876868000001,6.768092260000001,1543.55,13,2026-07-22
UB-USDT-SWAP,short,2026-07-22 20:17:12,2026-07-22 20:18:04,0.11972,0.11907,2.3935100917431194,260.8926,5268.83095826,4.951622135285931,0.0,0.8666666666666667,6,12,5,0,,,-0.0,0.7350484463748641,6.69499994,-1.3011155,5.39388444,2.0674731441213736,132.13362494,,,20,2026-07-22
SNDK-USDT-SWAP,long,2026-07-22 21:41:42,2026-07-22 21:42:12,1547.2,1553.28,309.44569882352937,263.028844,5274.224842760001,4.987061641125582,0.0,0.5,4,15,3,0,,,0.0,0.4117114788004139,5.187749910000001,-1.3177381099999996,3.8700118000000012,1.4713260116825824,137.52750937999997,5.022045100000001,12965.433333333332,21,2026-07-22
LAB-USDT-SWAP,short,2026-07-22 22:38:39,2026-07-22 22:41:07,0.1556,0.1545,0.3112,263.24408,5278.09485466,4.987482931792772,0.0,2.466666666666667,5,16,4,0,,,-0.0,0.8997429305912519,9.3074,-1.3115667,7.995833299999999,3.0374218861825875,141.39752118,16.84718883,599.6166666666667,22,2026-07-22
ZAMA-USDT-SWAP,short,2026-07-23 08:37:31,2026-07-23 08:49:14,0.04784,0.0481,0.09641955178679588,955.13208,5286.09068796,18.068779678250337,236.0,11.716666666666667,14,1,13,10,,,-1.4841137123745796,-0.0,10.8744,-4.17481671,6.69958329,0.7014300357286711,0.0,,,8,2026-07-23
O-USDT-SWAP,long,2026-07-23 10:23:45,2026-07-23 10:25:31,0.7577,0.7629,1.515567901234568,368.283,5292.790271250001,6.958201272407917,0.0,1.7666666666666666,8,10,7,0,,,0.0,0.7258809555232837,12.863999910000002,-1.5386646,11.325335310000002,3.075171894982935,6.699583289999998,13.740793199999997,8576.833333333334,10,2026-07-23
O-USDT-SWAP,long,2026-07-23 10:29:58,2026-07-23 10:30:06,0.7678,0.7733,1.5355999999999999,370.0796,5304.11560665,6.977215947857833,0.0,0.13333333333333333,5,13,4,0,0.6027253668763111,1.3329813910518684,0.0,0.7684292784579272,13.776,-1.3021665999999998,12.4738334,3.370581193883694,18.024918600000003,11.325335310000002,4.45,10,2026-07-23
O-USDT-SWAP,short,2026-07-23 10:36:50,2026-07-23 10:37:18,0.7441,0.7398,1.486832128514056,370.2212,5316.58944005,6.963509298105936,0.0,0.4666666666666667,18,10,17,0,,-1.7949056354757853,-0.0,0.6316355328584877,9.50899995,-1.8463515,7.66264845,2.0697486934837874,30.498752000000003,12.4738334,6.733333333333333,10,2026-07-23
O-USDT-SWAP,long,2026-07-23 10:40:46,2026-07-23 10:40:50,0.7572,0.7656,1.5144000000000002,371.028,5324.25208855,6.968640737314249,0.0,0.06666666666666667,1,19,0,0,1.7605160596694036,-0.06598917777485003,0.0,1.188589540412055,20.966,-1.309081,19.656919000000002,5.2979610703235345,38.16140045,7.66264845,3.466666666666667,10,2026-07-23
O-USDT-SWAP,long,2026-07-23 10:41:38,2026-07-23 10:42:31,0.7953,0.7917,1.5781391167192427,1000.5402,5343.90900755,18.723002180359234,28.0,0.8833333333333333,12,34,11,8,6.88079559199033,4.962386168668331,-1.408273607443733,0.07544322897019562,19.018999919999988,-3.5660463999999994,15.452953519999989,1.5444610341493514,57.81831945000001,19.656919000000002,0.8,10,2026-07-23
O-USDT-SWAP,long,2026-07-23 10:50:32,2026-07-23 10:52:04,0.7267,0.7332,1.4534,319.748,5359.361961150001,5.9661579553284945,0.0,1.5333333333333334,2,6,1,0,,-4.091329022040391,0.0,0.9494977294619567,15.004000000000001,-1.1353404,13.8686596,4.337371805296671,73.27127297,15.452953519999989,8.016666666666667,10,2026-07-23
O-USDT-SWAP,short,2026-07-23 10:52:41,2026-07-23 10:52:51,0.7205,0.7164,1.4409999999999998,317.02,5373.23062075,5.899988710251005,2.0,0.16666666666666666,3,13,2,0,-0.8531718728498672,-4.90959482644846,-0.0,0.6106870229007688,9.32,-1.1200405,8.1999595,2.586574821777806,87.13993256999998,13.8686596,0.6166666666666667,10,2026-07-23
O-USDT-SWAP,short,2026-07-23 11:02:02,2026-07-23 11:02:02,0.7048,0.7007,1.4088781818181817,309.9532,5381.43058025,5.759680355954731,0.0,0.0,16,10,15,0,,-5.281548179008199,-0.0,1.163450624290574,9.18099994,-1.5451755000000003,7.6358244399999995,2.463541089428985,95.33989207,8.1999595,9.183333333333334,11,2026-07-23
O-USDT-SWAP,short,2026-07-23 11:29:23,2026-07-23 11:30:20,0.6605,0.6594,1.3235727272727278,582.372,5389.06640475,10.806547113368078,24.0,0.95,23,29,22,9,,-6.285471055618618,-0.43906131718396413,0.2573807721423016,11.43299985,-2.6435789999999995,8.78942085,1.5092450959180732,102.97571651,7.6358244399999995,27.35,11,2026-07-23
O-USDT-SWAP,short,2026-07-23 15:34:03,2026-07-23 15:34:08,0.6073,0.6075,1.2146000000000001,268.4266,5397.85582575,4.9728375241053,0.0,0.08333333333333333,2,22,1,0,,,-0.032932652725192746,-0.0,-0.3570000000000001,-0.9396715999999999,-1.2966716,-0.483063750015833,111.76513735999998,8.78942085,243.71666666666667,15,2026-07-23
SNDK-USDT-SWAP,long,2026-07-23 21:34:46,2026-07-23 21:35:19,1596.79,1604.4,319.3814085510688,268.919146,5396.549471779999,4.983168363530255,0.0,0.55,13,4,12,0,,,0.0,0.485348730891344,6.31502998,-1.3477532500000002,4.96727673,1.8471264704968233,110.46846576,3.8700118000000012,1432.5666666666666,21,2026-07-23
SNDK-USDT-SWAP,long,2026-07-23 21:54:31,2026-07-23 22:04:44,1631.28,1624.8,323.0392006060607,1066.029362,5401.516748530001,19.735741119197957,219.0,10.216666666666667,26,7,25,20,,2.15995841657326,-1.5779020155951118,0.0,31.83276995,-5.3460632200000004,26.486706729999998,2.4846132455777514,115.43574248999998,4.96727673,19.2,21,2026-07-23
UB-USDT-SWAP,short,2026-07-24 08:36:43,2026-07-24 08:47:35,0.12574,0.12512,2.516559259259259,407.6826,5428.845428760001,7.509563595976585,210.0,10.866666666666667,5,21,4,3,,,-1.1054557022427192,0.5487513917607711,11.836999919999998,-1.4551463000000004,10.381853619999998,2.546553034149605,0.0,5.39388444,2178.65,8,2026-07-24
SKHYNIX-USDT-SWAP,long,2026-07-24 09:26:18,2026-07-24 14:08:30,1265.48,1206.74,244.7620583333334,4343.171474,5439.2272824599995,79.8490529712837,16162.0,282.2,86,11,85,85,,,-4.706514524133132,0.0,-257.04294007,-27.04086316000001,-284.08380323,-6.540929938655239,10.381853620000015,8.104856259999998,2623.8,9,2026-07-24
RE-USDT-SWAP,long,2026-07-24 09:41:08,2026-07-24 09:53:06,0.61192,0.61266,1.22017,719.9003,5186.207900830001,13.881053628505466,284.0,11.966666666666667,6,56,5,3,,,-0.5997516015165516,0.16995685710550212,15.88519944,-2.527593649999999,13.357605790000001,1.8554799588220756,-273.70194961,,,9,2026-07-24
LA-USDT-SWAP,long,2026-07-24 10:10:44,2026-07-24 10:22:24,0.06867,0.06935,0.13734,246.79998,4949.37421208,4.986488582690559,1.0,11.666666666666666,3,18,2,0,,,0.0,1.0921799912625652,12.898799999999996,-0.8941464899999999,12.004653509999995,4.86412256192241,-260.34434381999995,25.432616729999996,2860.9666666666667,10,2026-07-24
SKHYNIX-USDT-SWAP,short,2026-07-24 14:08:37,2026-07-24 14:19:22,1207.43,1206.86,120.743,5154.639413,5180.50573924,99.5006988208878,1.0,10.75,5,161,4,0,0.049717027253226576,-0.9881260865286845,-0.0,0.09772823269258435,33.39491000000001,-37.433193150000015,-4.038283150000005,-0.07834268949667857,-248.33969030999998,-284.08380323,0.11666666666666667,14,2026-07-24
SKHYNIX-USDT-SWAP,long,2026-07-24 14:20:12,2026-07-24 14:22:52,1208.64,1204.79,120.86399999999999,5150.61936,5176.46745633,99.50066147332981,0.0,2.6666666666666665,13,1,12,0,0.19813471502592161,-0.8889034670515272,-0.31853984643898103,0.0,-164.06775,-35.97230166,-200.04005166,-3.8838057654487597,-252.37797346,-4.038283150000005,0.8333333333333334,14,2026-07-24
SKHYNIX-USDT-SWAP,short,2026-07-24 14:23:02,2026-07-24 14:30:25,1204.59,1210.0,60.224038734632046,4927.8921935,4976.42740469,99.02469769489134,0.0,7.383333333333334,39,255,38,0,-0.1376165803108842,-0.9611273719867142,-0.44911546667332214,0.018263475539392893,-426.99293138000036,-98.7713407099999,-525.7642720900003,-10.669151260725531,-452.41802512000004,-200.04005166,0.16666666666666666,14,2026-07-24
SKHYNIX-USDT-SWAP,long,2026-07-24 14:30:59,2026-07-24 14:50:08,1208.16,1210.51,60.408,4406.582376,4450.66313435,99.00956875370353,1.0,19.15,12,128,11,0,-0.08435468664714785,0.11020607707796781,0.0,0.2474837769831817,187.85474999999994,-68.29165997,119.56309002999994,2.713283897316616,-978.1822972100003,-525.7642720900003,0.5666666666666667,14,2026-07-24
SKHYNIX-USDT-SWAP,short,2026-07-24 14:50:53,2026-07-24 14:55:44,1211.43,1214.31,60.57149999999999,4524.933336,4570.22622456,99.0089574052899,0.0,4.85,2,61,1,0,0.023118523717124972,0.5511333925414474,-0.2377355687080529,-0.0,-204.97305999999995,-63.451553319999995,-268.42461331999993,-5.932123047746043,-858.6192071800003,119.56309002999994,0.75,14,2026-07-24
SKHYNIX-USDT-SWAP,long,2026-07-24 14:55:48,2026-07-24 15:41:22,1214.17,1220.49,60.7184218772275,4259.154421,4301.80161133,99.00862024372123,60.0,45.56666666666667,22,48,21,0,0.226178978562519,0.4126763591855598,0.0,0.5501700750306648,445.78887977000005,-62.70139280999998,383.0874869600001,8.994449345888135,-1127.0438205000005,-268.42461331999993,0.06666666666666667,14,2026-07-24
SKHYNIX-USDT-SWAP,short,2026-07-24 15:43:06,2026-07-24 15:51:38,1220.52,1222.0,60.98327866449297,4638.4491585,4684.889098600001,99.00872914763599,65.0,8.533333333333333,11,57,10,0,-0.0270303477085565,-0.0270303477085565,-0.1212597909088009,0.0811129682430467,-170.54299033,-72.13492781999999,-242.67791814999998,-5.231876212446794,-743.9563335400002,383.0874869600001,1.7333333333333334,15,2026-07-24
SKHYNIX-USDT-SWAP,long,2026-07-24 15:51:57,2026-07-24 16:04:16,1221.88,1218.25,61.154746795941065,4399.4724845,4442.21118083,99.0378958903522,144.0,12.316666666666666,52,162,51,0,0.02128321409278211,0.08436744890856218,-0.29708318329133565,0.21360526401936752,-332.21477085999993,-84.92428833999999,-417.1390591999999,-9.481569907975178,-986.6342516900003,-242.67791814999998,0.31666666666666665,15,2026-07-24
SKHYNIX-USDT-SWAP,short,2026-07-24 16:04:27,2026-07-24 16:17:26,1218.6,1221.97,60.92197790502173,3840.887019,3875.71695301,99.1013292654679,15.0,12.983333333333333,11,118,10,0,-0.02461235540243134,-0.18429782528566196,-0.2765468570490759,0.015591662563585462,-212.02158063,-57.96716945999999,-269.98875009,-7.029333296044031,-1403.7733108900002,-417.1390591999999,0.18333333333333332,16,2026-07-24
RE-USDT-SWAP,long,2026-07-24 16:18:13,2026-07-24 16:50:43,0.66616,0.65335,0.4534825581395349,343.9134,3605.72820367,9.537973484800002,63.0,32.5,8,47,7,0,,,-1.9229614507025317,0.14110724150355747,-67.42610034999998,-2.6095493300000014,-70.03564967999999,-20.364327089319577,-1673.7620609800001,13.357605790000001,385.1166666666667,16,2026-07-24
ETH-USDT-SWAP,short,2026-07-24 16:24:39,2026-07-24 17:40:16,1887.26,1885.15,3.774987166652075,3449.4322734,3260.89110829,105.78189086506696,1585.0,75.61666666666666,3,141,2,1,,,-0.15949047825949414,0.12345940675899669,225.13894916999982,-172.35904440000016,52.77990476999966,1.530104103710264,-1743.7977106600001,-3.36947,23963.633333333335,16,2026-07-24
BEAT-USDT-SWAP,long,2026-07-24 17:41:51,2026-07-24 17:51:25,3.5811,3.6934,3.5811,2578.392,3588.4724601499997,71.8520771340188,0.0,9.566666666666666,15,142,14,0,,,0.0,3.3062466839797855,826.2072000000001,-18.4833342,807.7238658000001,31.32665109882439,-1691.0178058900005,2.7778536000000003,15651.3,17,2026-07-24
BEAT-USDT-SWAP,long,2026-07-24 17:52:02,2026-07-24 17:55:57,3.6541,3.4954,3.5961495636998255,1648.47496,4396.19632595,37.49775573646092,84.0,3.9166666666666665,10,82,9,4,-1.227192863900528,2.0384797967105017,-4.343066692208753,0.005473303959924181,-452.4714003399999,-11.520284349999992,-463.9916846899999,-28.146723241097938,-883.2939400900004,807.7238658000001,0.6166666666666667,17,2026-07-24
BEAT-USDT-SWAP,short,2026-07-24 17:56:13,2026-07-24 17:57:05,3.4999,3.4486,3.4995162777777775,2519.65172,3932.2046416,64.07732937761762,2.0,0.8666666666666667,4,194,3,0,-5.395323692390875,-2.2674597190807444,-0.0,1.9600560016000412,436.8386988200005,-17.726783899999994,419.1119149200005,16.63372408151713,-1347.2856247800003,-463.9916846899999,0.26666666666666666,17,2026-07-24
BEAT-USDT-SWAP,short,2026-07-24 17:57:50,2026-07-24 18:01:11,3.3877,3.3704,3.385409930555556,2437.49515,4351.3165577,56.01741720414846,0.0,3.35,13,136,12,0,-4.77569147740049,-5.400575242243999,-0.0,0.6700711397113035,125.71159952000005,-17.042287739999985,108.66931178000007,4.458237046338331,-928.1737098599997,419.1119149200005,0.75,17,2026-07-24
BEAT-USDT-SWAP,short,2026-07-24 18:05:07,2026-07-24 18:05:46,3.2538,3.2695,3.2682597916666665,470.62941,4459.98586996,10.5522623551321,25.0,0.65,10,67,9,9,-3.304606240713226,-9.139649828265062,-0.8974122564386233,-0.0,0.4223997699999997,-3.3434394000000007,-2.921039630000001,-0.6206666153736549,-819.5043980799996,108.66931178000007,3.933333333333333,18,2026-07-24
BEAT-USDT-SWAP,short,2026-07-24 18:07:47,2026-07-24 18:08:32,3.176,3.1704,3.175204305555555,228.61471,4457.06483056,5.129265978643531,0.0,0.75,5,9,4,0,-2.3910504640727748,-11.31216665270448,-0.0,0.195214105793462,3.7845999499999996,-1.6022218400000001,2.1823781099999993,0.9546096618192237,-822.4254377099995,-2.921039630000001,2.0166666666666666,18,2026-07-24
BEAT-USDT-SWAP,short,2026-07-24 18:09:14,2026-07-24 18:09:20,3.1695,3.147,3.1687333333333334,228.1488,4459.24720872,5.116307513830091,0.0,0.1,5,21,4,0,-2.5908168910197205,-11.493675127754043,-0.0,0.7698375138034508,15.998899899999998,-1.61946887,14.379431029999997,6.302654684135966,-820.2430595999996,2.1823781099999993,0.7,18,2026-07-24
BEAT-USDT-SWAP,short,2026-07-24 18:10:44,2026-07-24 18:11:16,3.1492,3.1127,3.1491999999999996,226.7424,4473.626639849999,5.068424753649149,0.0,0.5333333333333333,2,10,1,0,-3.558522692472599,-12.060540057524227,-0.0,1.2003048393242621,26.6621,-1.57386575,25.08823425,11.06464174763961,-805.8636285699996,14.379431029999997,1.4,18,2026-07-24
BEAT-USDT-SWAP,short,2026-07-24 18:19:31,2026-07-24 18:19:42,2.9848,2.9694,2.9848,214.9056,4498.7148741,4.777044245174427,0.0,0.18333333333333332,1,16,0,0,,-19.31882686849574,-0.0,0.569552398820683,11.708699999999999,-1.49848485,10.210215149999998,4.751023309769498,-780.7753943199996,25.08823425,8.25,18,2026-07-24
BEAT-USDT-SWAP,short,2026-07-24 18:26:07,2026-07-24 18:27:25,2.8598,2.8749,2.889950138888889,624.22923,4508.9250892499995,13.8443025254126,35.0,1.3,22,93,21,20,,-18.289093974113545,-2.2973634519896535,-0.0,36.132099679999996,-4.974601450000001,31.157498229999995,4.99135521577546,-770.5651791699996,10.210215149999998,6.416666666666667,18,2026-07-24
BEAT-USDT-SWAP,long,2026-07-24 18:34:49,2026-07-24 18:37:57,3.0197,2.9989,2.97745732638889,857.50771,4540.0825878000005,18.88749143692394,133.0,3.1333333333333333,28,75,27,23,,-7.194664699735698,-2.9373778852203825,0.0,70.37949959000001,-6.9867178500000024,63.392781740000004,7.392677756798245,-739.4076809399996,31.157498229999995,7.4,18,2026-07-24
BEAT-USDT-SWAP,long,2026-07-24 19:30:23,2026-07-24 19:30:56,3.113,3.1137,3.1138733944954122,135.76488,4603.47536995,2.9491822827212086,1.0,0.55,8,17,7,0,,,0.0,0.06424670735625249,0.09089989999999995,-1.32312552,-1.2322256200000001,-0.9076173602480996,-676.0148991999996,63.392781740000004,52.43333333333333,19,2026-07-24
BEAT-USDT-SWAP,short,2026-07-24 19:32:07,2026-07-24 19:32:26,3.071,3.0592,3.070813333333333,221.09856,4602.24314443,4.804147739729723,0.0,0.31666666666666665,8,9,7,0,-1.3491808544812023,-1.3491808544812023,-0.0,0.410289807880182,8.46199997,-1.65216812,6.809831850000001,3.07999828221405,-677.2471248199996,-1.2322256200000001,1.1833333333333333,19,2026-07-24
BEAT-USDT-SWAP,long,2026-07-24 20:18:46,2026-07-24 20:28:29,3.1079,3.0859,6.1547219629927605,765.03194,4609.052976309999,16.598462719612378,133.0,9.716666666666667,7,36,6,6,,,-2.004569001576628,0.0,11.46229979,-2.7073302800000003,8.754969509999999,1.1443926785592768,-670.4372929699997,6.809831850000001,46.333333333333336,20,2026-07-24
SNDK-USDT-SWAP,long,2026-07-24 21:44:30,2026-07-24 21:57:16,1540.95,1490.04,304.94661903584677,1233.509074,4617.80794603,26.71200466577365,403.0,12.766666666666667,9,13,8,5,,,-3.3038060936435354,0.0,-140.05278005999998,-4.35824868,-144.41102873999998,-11.707334123753675,-661.6823234599996,26.486706729999998,1419.7666666666667,21,2026-07-24
SNDK-USDT-SWAP,short,2026-07-24 21:57:28,2026-07-24 22:15:55,1487.13,1489.04,149.90700160586346,3640.641441,4473.39691738,81.3842703484552,650.0,18.45,38,37,37,21,-0.2013247166354648,-3.492650637593686,-1.4349787846388518,0.015466031886923748,180.18080983,-31.454293479999997,148.72651635,4.0851734168347065,-806.0933521999996,-144.41102873999998,0.2,21,2026-07-24
SNDK-USDT-SWAP,short,2026-07-24 22:25:07,2026-07-24 22:30:56,1477.29,1473.06,147.729,147.729,4622.123434,3.196128405254527,1.0,5.816666666666666,5,13,4,0,,-0.8616697871997814,-0.0,0.297165756215767,4.2881100000000005,-1.2039155300000002,3.0841944700000004,2.087737999986462,-657.3668358499997,148.72651635,9.2,22,2026-07-24
BEAT-USDT-SWAP,short,2026-07-25 13:34:10,2026-07-25 13:38:22,2.9385,2.9689,5.967135401459854,980.99706,4625.314413409999,21.20930540755959,37.0,4.2,43,50,42,18,,,-2.742896035392217,0.08507742045260613,24.886999799999995,-3.9799773199999993,20.907022479999995,2.131201339176286,0.0,8.754969509999999,1025.6833333333334,13,2026-07-25
ALLO-USDT-SWAP,short,2026-07-25 21:31:42,2026-07-25 21:31:53,0.363,0.36202,0.726,277.332,4646.22143609,5.968979391421066,0.0,0.18333333333333332,9,45,8,0,,,-0.0,0.3057851239669396,3.8907,-0.9687166499999995,2.9219833500000005,1.0536048310328416,20.907022479999995,,,21,2026-07-25
ALLO-USDT-SWAP,short,2026-07-26 09:11:02,2026-07-26 09:15:58,0.3422,0.33934,0.6844,277.8664,4649.14341944,5.9767224826432575,0.0,4.933333333333334,2,21,1,0,,,-0.0,0.900058445353602,12.024700000000001,-0.96652005,11.058179950000001,3.979675106454037,0.0,2.9219833500000005,699.15,9,2026-07-26
SHIB-USDT-SWAP,long,2026-07-26 09:59:29,2026-07-26 10:00:47,5.22e-06,5.26e-06,1.0433999999999999,278.79648,4660.2015993899995,5.9824982686691754,0.0,1.3,5,1,4,0,,,0.0,0.7662835249041988,12.5584,-1.3011907699999998,11.25720923,4.037787431892972,11.058179950000003,,,9,2026-07-26
PIEVERSE-USDT-SWAP,long,2026-07-26 17:19:06,2026-07-26 17:23:02,0.9291,0.9277,1.8478593333333337,554.3578,4671.458808619999,11.866909732289033,181.0,3.933333333333333,24,37,23,17,,,-1.1408890323969523,0.010763104079214436,11.827999800000004,-2.4385205999999995,9.389479200000004,1.6937579303475128,22.315389180000004,,,17,2026-07-26
ESP-USDT-SWAP,long,2026-07-26 22:27:38,2026-07-26 22:27:55,0.10054,0.10131,2.0107999999999997,279.5012,4680.84828802,5.971165540984219,0.0,0.2833333333333333,2,14,1,0,,,0.0,0.835488362840664,11.302999999999999,-0.9989866999999998,10.3040133,3.6865721148961077,31.70486838,,,22,2026-07-26
ESP-USDT-SWAP,short,2026-07-27 09:54:21,2026-07-27 09:55:05,0.11508,0.11377,2.3015688524590163,280.7914,4691.152301319999,5.985552844255147,0.0,0.7333333333333333,5,3,4,0,,,-0.0,1.2339242266249606,16.12599998,-1.395894,14.73010598,5.245924903682947,0.0,10.3040133,686.4333333333333,9,2026-07-27
ESP-USDT-SWAP,short,2026-07-27 10:09:22,2026-07-27 10:13:36,0.10247,0.10404,2.0844537226277375,1427.8508,4705.88240732,30.341829149384992,193.0,4.233333333333333,23,32,22,20,,-10.957594716718798,-2.576363813799154,-0.0,13.70299985,-5.454585299999999,8.24841455,0.5776804236128873,14.730105979999998,14.73010598,14.283333333333333,10,2026-07-27
ESP-USDT-SWAP,long,2026-07-27 11:22:25,2026-07-27 11:29:33,0.10789,0.10664,2.1259824615384617,1381.8886,4714.13082202,29.313751615570617,254.0,7.133333333333334,30,30,29,26,,,-2.2893688015571456,0.009268699601450159,22.54599988,-6.0317295999999985,16.51427028,1.195050764584063,22.97852053,8.24841455,68.81666666666666,11,2026-07-27
ESP-USDT-SWAP,short,2026-07-27 12:05:22,2026-07-27 12:05:33,0.105,0.10478,2.1,273.0,4730.64509242,5.770883138907059,0.0,0.18333333333333332,4,9,3,0,,,-0.0,0.22857142857142243,2.8930000000000002,-0.9540535,1.9389465000000001,0.7102368131868132,39.49279081,16.51427028,35.81666666666667,12,2026-07-27
ESP-USDT-SWAP,short,2026-07-27 14:39:10,2026-07-27 14:41:14,0.09625,0.09579,1.925,282.975,4732.58403892,5.97929160206897,1.0,2.066666666666667,3,15,2,0,,,-0.0,0.5090909090909146,6.946999999999999,-1.2352640000000001,5.711735999999999,2.018459581235091,41.43173731,1.9389465000000001,153.61666666666667,14,2026-07-27
SOON-USDT-SWAP,short,2026-07-27 18:35:26,2026-07-27 18:36:07,0.2018,0.2008,0.4036,283.56936,4738.2957749199995,5.984627669318253,0.0,0.6833333333333333,12,2,11,0,,,-0.0,0.49554013875123815,7.026,-1.23913104,5.78686896,2.040724343419895,47.143473310000005,,,18,2026-07-27
BEAT-USDT-SWAP,long,2026-07-27 18:40:11,2026-07-27 18:46:42,4.0486,4.077,8.097199999999999,283.402,4744.08264388,5.973799810709379,0.0,6.516666666666667,3,17,2,0,,,0.0,0.7385268981870086,10.085500000000001,-1.02731425,9.058185750000002,3.196232119039386,52.930342270000004,20.907022479999995,3181.8166666666666,18,2026-07-27
BEAT-USDT-SWAP,long,2026-07-27 18:50:02,2026-07-27 18:54:03,4.1547,4.1801,8.30997942857143,290.84928,4753.140829630001,6.119096623161504,0.0,4.016666666666667,5,19,4,0,1.8683339463037907,2.6206589932322277,0.0,0.6426456783883205,8.923099879999999,-1.03739095,7.885708929999999,2.711269881775192,61.98852802,9.058185750000002,3.3333333333333335,18,2026-07-27
BEAT-USDT-SWAP,short,2026-07-27 18:56:10,2026-07-27 18:56:10,4.133,4.0916,8.264344,289.25204,4761.026538679999,6.0754133095043725,0.0,0.0,9,17,8,0,-1.1575070550533306,2.0846712443807647,-0.0,1.2073554318896673,14.398900000000001,-1.15272008,13.246179920000001,4.579459463794966,69.87423695,7.885708929999999,2.1166666666666667,18,2026-07-27
SNDK-USDT-SWAP,short,2026-07-27 22:37:04,2026-07-27 22:37:53,1254.94,1250.75,125.49159030837004,142.432955,4774.272718599999,2.9833435037151967,0.0,0.8166666666666667,4,3,3,0,,,-0.0,0.3346773550926718,4.729899980000001,-1.4219646099999999,3.307935370000001,2.322450847137168,83.12041687000001,3.0841944700000004,4326.133333333333,22,2026-07-27
SNDK-USDT-SWAP,long,2026-07-27 22:47:15,2026-07-27 22:48:26,1289.63,1278.3,128.963,190.091462,4777.580653999999,3.978822667092959,0.0,1.1833333333333333,1,9,0,0,,2.7642755828964027,-0.8785465598660225,0.0,-16.484019999999997,-1.32239823,-17.80641823,-9.36728985229226,86.42835224000001,3.307935370000001,9.366666666666667,22,2026-07-27
SNDK-USDT-SWAP,short,2026-07-27 22:48:31,2026-07-27 22:53:58,1277.88,1284.54,128.63836580534797,1428.786329,4759.77423578,30.017943251584917,276.0,5.45,22,40,21,17,-0.9111140404612139,1.8279758394823764,-1.1245187341534235,0.0172160140232247,21.481779769999996,-12.927277720000001,8.554502049999995,0.5987250771070328,68.62193401,-17.80641823,0.08333333333333333,22,2026-07-27
SNDK-USDT-SWAP,short,2026-07-27 23:15:38,2026-07-27 23:18:42,1261.85,1258.17,126.185,214.5145,4768.328738130001,4.498735548256816,0.0,3.066666666666667,1,2,0,0,,-2.154106216511731,-0.0,0.29163529738082117,6.256,-2.14201701,4.11398299,1.917811145633512,77.17643606,8.554502049999995,21.666666666666668,23,2026-07-27
AEON-USDT-SWAP,short,2026-07-28 08:26:17,2026-07-28 08:28:32,0.08215,0.08397,0.16814620972087505,1560.22868,4773.32810407,32.68639083639911,70.0,2.25,55,259,54,41,,,-4.053560559951319,-0.0,48.688198359999994,-5.882718550000003,42.805479809999994,2.743538838806629,0.0,,,8,2026-07-28
BEAT-USDT-SWAP,long,2026-07-28 09:31:05,2026-07-28 09:34:17,2.844,2.869,5.6906608695652166,287.94744,4816.1335855199995,5.978809243699793,0.0,3.2,16,21,15,0,,,0.0,0.9423347398030968,12.163599899999998,-1.4381358800000001,10.725464019999997,3.724799227247861,42.805479809999994,13.246179920000001,874.9166666666666,9,2026-07-28
BEAT-USDT-SWAP,long,2026-07-28 09:50:18,2026-07-28 09:51:34,2.8945,2.8784,5.788999999999999,8.6835,4826.85904964,0.17989959745453182,1.0,1.2666666666666666,2,1,1,0,,1.7756680731364272,-0.5562273276904395,0.0,-0.2415,-0.0320082,-0.2735082,-3.1497460701330104,53.53094382999999,10.725464019999997,16.016666666666666,9,2026-07-28
BEAT-USDT-SWAP,long,2026-07-28 09:58:38,2026-07-28 10:03:51,2.8881,2.8993,5.7762,288.81,4826.58554144,5.983733169553113,0.0,5.216666666666667,2,31,1,0,,1.5506329113924133,0.0,0.4466604341954783,5.8369,-1.0137534500000003,4.82314655,1.6700067691561924,53.257435629999996,-0.2735082,7.066666666666666,9,2026-07-28
BEAT-USDT-SWAP,short,2026-07-28 10:42:10,2026-07-28 10:42:33,2.9435,2.9286,5.887,294.35,4831.40868799,6.092426019179467,0.0,0.38333333333333336,3,16,2,0,,,-0.0,0.5401732631221234,7.5198,-1.0264650999999998,6.493334900000001,2.205991133004926,58.080582179999986,4.82314655,38.31666666666667,10,2026-07-28
SOON-USDT-SWAP,short,2026-07-28 13:30:21,2026-07-28 13:31:12,0.236,0.2354,0.4720000000000001,289.5248,4837.90202289,5.984511439672515,1.0,0.85,9,15,8,0,,,-0.0,0.29661016949151797,4.039599999999999,-1.1089502,2.9306497999999994,1.0122275535636323,64.57391707999999,5.78686896,1134.2333333333333,13,2026-07-28
BEAT-USDT-SWAP,long,2026-07-28 13:48:12,2026-07-28 13:49:21,3.0718,3.1471,6.143793205944798,289.37266,4840.8326726899995,5.977745556720486,0.0,1.15,7,1,6,0,,,0.0,2.4513314668923813,35.42079999,-1.05447505,34.36632494,11.876147850318686,67.50456688,6.493334900000001,185.65,13,2026-07-28
BEAT-USDT-SWAP,short,2026-07-28 14:04:03,2026-07-28 14:05:08,2.8854,2.8588,5.853955654761906,1180.15746,4875.19899764,24.207370008307226,58.0,1.0833333333333333,34,40,33,33,,-6.068103392147927,-2.6790046440701376,1.015457128994246,139.88579980000003,-4.704175020000003,135.18162478000002,11.454541394840653,101.87089182,34.36632494,14.7,14,2026-07-28
BEAT-USDT-SWAP,short,2026-07-28 14:14:02,2026-07-28 14:15:00,2.6379,2.6485,5.3292399,1065.84798,5010.3806226199995,21.27279462937594,28.0,0.9666666666666667,24,62,23,23,,-14.125268572172667,-1.5959664884946267,-0.0,34.8296,-3.9861034999999987,30.8434965,2.8937988417447675,237.0525166,135.18162478000002,8.9,14,2026-07-28
BEAT-USDT-SWAP,short,2026-07-28 14:35:03,2026-07-28 14:35:08,2.8355,2.8241,5.667745199999998,283.38726,5041.22411912,5.621397765776546,0.0,0.08333333333333333,35,20,34,0,,-0.7212632610902991,-0.0,0.45847293246342735,5.199000000000001,-1.4143368,3.7846632000000007,1.335509295654293,267.8960131,30.8434965,20.05,14,2026-07-28
SOON-USDT-SWAP,long,2026-07-28 22:56:00,2026-07-28 23:09:41,0.2931,0.2864,0.5717283067487825,2218.70604,5045.00878232,43.9782393992128,788.0,13.683333333333334,39,70,38,36,,,-3.3435687478676313,0.03411804844761779,27.955999650000006,-10.310297530000005,17.645702120000003,0.7953150080215224,271.6806763,2.9306497999999994,564.8,22,2026-07-28
SNDK-USDT-SWAP,long,2026-07-29 08:03:37,2026-07-29 08:11:15,1158.56,1145.13,230.5763092862625,600.881862,5060.83954087,11.873165650628462,139.0,7.633333333333334,7,4,6,3,,,-1.1591976246374647,0.0008631404502024154,-20.17305002,-2.99432282,-23.167372840000002,-3.855562017280529,0.0,4.11398299,1964.9166666666667,8,2026-07-29
SNDK-USDT-SWAP,long,2026-07-29 08:11:51,2026-07-29 08:14:44,1150.0,1161.76,230.0,299.0,5037.67216809,5.935281019156986,0.0,2.8833333333333333,5,14,4,0,0.4235253023621377,-0.7388482253832263,0.0,1.0399999999999965,15.32342,-1.5026617199999999,13.82075828,4.622327183946489,-23.167372840000002,-23.167372840000002,0.6,8,2026-07-29
SNDK-USDT-SWAP,long,2026-07-29 08:35:15,2026-07-29 08:38:36,1118.58,1123.53,223.716,290.8308,5051.49292638,5.757323710802761,0.0,3.35,1,2,0,0,,-2.4905199843089587,0.0,0.4434193352286009,6.43555,-1.02112558,5.41442442,1.861709426924521,-9.346614560000003,13.82075828,20.516666666666666,8,2026-07-29
BEAT-USDT-SWAP,short,2026-07-29 10:50:45,2026-07-29 10:51:09,3.406,3.3906,6.810948648648648,302.40612,5056.9073508,5.980060519640714,0.0,0.4,8,23,7,0,,,-0.0,0.4873752201996484,6.7901998999999975,-1.5086355,5.281564399999997,1.7465137279629122,-3.932190140000003,3.7846632000000007,1215.6166666666666,10,2026-07-29
SOON-USDT-SWAP,short,2026-07-29 13:00:20,2026-07-29 13:00:28,0.2604,0.2593,0.5208,108.3264,5062.1889153,2.1399122358431435,0.0,0.13333333333333333,1,3,0,0,,,-0.0,0.4608294930875667,2.3360000000000003,-0.37797440000000004,1.9580256000000003,1.807523927685218,1.3493742599999938,17.645702120000003,830.65,13,2026-07-29
UB-USDT-SWAP,short,2026-07-29 13:52:52,2026-07-29 13:53:18,0.14459,0.14411,2.8918,199.5342,5064.1469409,3.9401344852078637,1.0,0.43333333333333335,2,13,1,0,,,-0.0,0.3665537035756339,3.4420000000000006,-0.7009863999999999,2.7410136000000005,1.3737061616504842,3.307399859999994,10.381853619999998,7505.283333333334,13,2026-07-29
UB-USDT-SWAP,short,2026-07-29 13:54:27,2026-07-29 13:54:53,0.14187,0.14173,2.836912359550562,252.4852,5066.8879545,4.983042890770124,0.0,0.43333333333333335,10,12,9,0,-1.8811812711805764,-1.8811812711805764,-0.0,0.1339254246845667,1.2699999499999999,-1.1639213999999998,0.1060785500000001,0.042013769519956064,6.048413459999995,2.7410136000000005,1.15,13,2026-07-29
UB-USDT-SWAP,short,2026-07-29 13:56:52,2026-07-29 13:58:32,0.13814,0.13748,2.7628,251.4148,5066.9940331,4.961813618836724,0.0,1.6666666666666667,2,28,1,0,-4.460889411439228,-4.460889411439228,-0.0,0.5646445634863162,6.361999999999998,-0.8892033999999999,5.472796599999999,2.176799695165121,6.154492009999995,0.1060785500000001,1.9833333333333334,13,2026-07-29
SNDK-USDT-SWAP,short,2026-07-29 14:06:53,2026-07-29 14:24:05,1040.37,1053.9,208.074,151.685946,5072.46682971,2.9903782733789135,0.0,17.2,1,14,0,0,,,-1.30049886098218,-0.0,-9.81629,-0.76333789,-10.579627890000001,-6.974692230221513,11.627288609999994,5.41442442,328.28333333333336,14,2026-07-29
SOON-USDT-SWAP,long,2026-07-29 14:34:40,2026-07-29 14:37:41,0.2578,0.2591,0.515729452614379,252.50114,5061.88720183,4.988280653680202,0.0,3.0166666666666666,11,11,10,0,,,0.0,0.5430566330488773,6.23699994,-1.2656242,4.971375739999999,1.9688527901299768,1.0476607199999926,1.9580256000000003,94.2,14,2026-07-29
BEAT-USDT-SWAP,short,2026-07-29 14:42:04,2026-07-29 14:42:21,3.6079,3.6023,7.214689142857143,252.51412,5066.85857763,4.983642549544225,0.0,0.2833333333333333,5,20,4,0,,,-0.0,0.1773885085506688,1.88849995,-0.9142433599999998,0.9742565900000001,0.38582261855297445,6.019036459999992,5.281564399999997,230.91666666666666,14,2026-07-29
BEAT-USDT-SWAP,short,2026-07-29 14:42:56,2026-07-29 14:43:01,3.5887,3.5568,7.177399999999999,252.64448,5067.832834270001,4.985256780601611,0.0,0.08333333333333333,1,4,0,0,-0.5321655256520397,-0.5321655256520397,-0.0,0.9669239557499876,11.2316,-0.8786398799999999,10.35296012,4.097837451267489,6.993293049999993,0.9742565900000001,0.5833333333333334,14,2026-07-29
BEAT-USDT-SWAP,short,2026-07-29 14:43:25,2026-07-29 14:52:11,3.5203,3.6067,7.223450182149362,3172.53932,5078.1857943899995,62.473872529531796,258.0,8.766666666666667,62,93,61,59,-2.4280052107874317,-2.4280052107874317,-3.57639973865862,-0.0,32.42049967999999,-11.993946499999995,20.42655318,0.6438550044511347,17.346253169999997,10.35296012,0.4,14,2026-07-29
BEAT-USDT-SWAP,short,2026-07-29 14:52:31,2026-07-29 14:52:40,3.6026,3.6379,7.2052,258.66668,5098.61234789,5.073276067105712,1.0,0.15,4,20,3,0,-0.8231245698554712,-0.1468998586435344,-0.97984788763672,-0.0,-12.455800000000004,-0.9407423400000001,-13.396542340000003,-5.17907537994457,37.772806349999996,20.42655318,0.3333333333333333,14,2026-07-29
BEAT-USDT-SWAP,short,2026-07-29 14:55:00,2026-07-29 14:55:49,3.5637,3.567,7.126614484679664,255.84546,5085.2158055499995,5.031162290512244,0.0,0.8166666666666667,13,33,12,0,-1.0632981676846232,-1.2250893871781354,-0.09260038723799546,0.019642506383810154,-1.1275001599999996,-1.2797910500000003,-2.40729121,-0.9409161335127854,24.37626400999999,-13.396542340000003,2.3333333333333335,14,2026-07-29
AEON-USDT-SWAP,short,2026-07-29 18:19:59,2026-07-29 18:28:50,0.10441,0.10443,0.2095705531167691,238.70086,5082.8085145000005,4.696239477034109,410.0,8.85,6,17,5,4,,,-0.996073173067713,0.009577626664103445,4.18899991,-0.9295289099999999,3.2594709999999996,1.3655045063515898,21.96897279999999,42.805479809999994,2031.45,18,2026-07-29
AEON-USDT-SWAP,short,2026-07-29 18:32:59,2026-07-29 18:35:15,0.10008,0.10113,0.2026871015360064,1016.07044,5086.06798559,19.977523754671804,90.0,2.2666666666666666,39,23,38,33,-4.137931034482767,-4.147112345560766,-2.0083932853717013,0.009992006394876629,11.97849987,-4.18942727,7.7890726,0.76658785585771,25.22844379999999,3.2594709999999996,4.15,18,2026-07-29
UB-USDT-SWAP,short,2026-07-29 20:02:22,2026-07-29 20:02:35,0.15213,0.15016,3.0425999999999997,252.5358,5093.85705832,4.957653838902354,1.0,0.21666666666666667,2,8,1,0,,,-0.0,1.3541050417406053,16.845,-0.8800167,15.964983299999998,6.321869334961616,33.01751639999999,5.472796599999999,363.8333333333333,20,2026-07-29
AEON-USDT-SWAP,short,2026-07-30 08:21:31,2026-07-30 08:28:56,0.10497,0.10555,0.21116999999999997,512.72076,5110.98317116,10.031744242343725,226.0,7.416666666666667,7,82,6,3,,,-1.1717633609602762,-0.0,2.6098000000000012,-1.9794610600000007,0.6303389400000006,0.1229400073443487,0.0,7.7890726,826.2666666666667,8,2026-07-30
BEAT-USDT-SWAP,short,2026-07-30 08:30:32,2026-07-30 08:30:43,3.7542,3.7134,7.508400000000001,254.53476,5111.6135101,4.979538447049383,0.0,0.18333333333333332,1,6,0,0,,,-0.0,1.097437536625645,13.8922,-0.8839255600000002,13.008274440000001,5.110608248555129,0.6303389400000015,-2.40729121,1054.7166666666667,8,2026-07-30
BEAT-USDT-SWAP,short,2026-07-30 10:02:14,2026-07-30 10:03:01,3.633,3.6004,7.266,23.2512,5122.621784540001,0.453892576457075,0.0,0.7833333333333333,3,2,2,0,,,-0.0,0.8973300302780096,1.0432,-0.1157344,0.9274655999999999,3.9888934764657304,13.638613380000002,13.008274440000001,91.51666666666667,10,2026-07-30
BEAT-USDT-SWAP,short,2026-07-30 10:06:31,2026-07-30 10:14:42,3.5716,3.6125,7.231614904679377,1251.79254,5123.54925014,24.43213637432674,447.0,8.183333333333334,18,83,17,13,-1.6900633085604189,-1.6900633085604189,-1.878709821928548,-0.0,8.139499590000002,-4.44099206,3.6985075300000014,0.2954569077396804,14.566078980000004,0.9274655999999999,3.5,10,2026-07-30
BEAT-USDT-SWAP,short,2026-07-30 11:19:26,2026-07-30 11:20:04,3.4146,3.4103,6.8292,273.168,5127.24775808,5.327770626444103,0.0,0.6333333333333333,8,28,7,0,,,-0.0,0.17864464358928744,1.8355000000000001,-0.99102355,0.8444764500000002,0.30914179186434726,18.26458651,3.6985075300000014,64.73333333333333,11,2026-07-30
BEAT-USDT-SWAP,short,2026-07-30 11:31:44,2026-07-30 11:32:23,3.2645,3.231,6.528999999999999,261.16,5128.0922345300005,5.092732112762707,0.0,0.65,2,7,1,0,,-4.39582967258244,-0.0,1.0629499157604472,13.5562,-0.9072819,12.648918100000001,4.843359664573441,19.109062960000003,0.8444764500000002,11.666666666666666,11,2026-07-30
BEAT-USDT-SWAP,long,2026-07-30 13:29:01,2026-07-30 13:37:36,3.7066,3.6903,7.355593057851243,890.02676,5140.00115263,17.315691836850995,137.0,8.583333333333334,36,8,35,32,,,-1.3003831004154809,0.01618734149895218,15.15979997,-4.0484765,11.11132347,1.2484257742991909,31.757981060000006,12.648918100000001,116.63333333333334,13,2026-07-30
BEAT-USDT-SWAP,long,2026-07-30 13:38:38,2026-07-30 13:39:53,3.7349,3.6953,7.4719255,298.87702,5151.112476130001,5.8021839240548765,0.0,1.25,18,31,17,0,1.1866381295548845,0.7635029407003779,-1.0602693512543837,0.03748426999383714,-16.068600309999997,-1.4863507999999994,-17.554951109999998,-5.873636959442381,42.86930453000001,11.11132347,1.0333333333333334,13,2026-07-30
BEAT-USDT-SWAP,short,2026-07-30 13:40:03,2026-07-30 13:40:37,3.6768,3.718,7.3536,294.144,5133.55752533,5.729827678927033,0.0,0.5666666666666667,3,18,2,0,-0.38741838476334944,-0.8039712944477362,-1.1205395996518597,-0.0,-16.303899999999995,-1.04868635,-17.352586349999996,-5.899350777170364,25.31435342000001,-17.554951109999998,0.16666666666666666,13,2026-07-30
BEAT-USDT-SWAP,long,2026-07-30 13:40:52,2026-07-30 13:44:24,3.7134,3.7613,7.426799999999999,594.144,5116.20493898,11.61298280827766,2.0,3.533333333333333,11,42,10,0,0.6041559426729126,0.1834565369880803,0.0,1.685786610653306,40.2088,-2.1107486,38.098051399999996,6.4122588800021525,7.961767070000015,-17.352586349999996,0.25,13,2026-07-30
BEAT-USDT-SWAP,short,2026-07-30 14:47:07,2026-07-30 14:50:51,3.7737,3.8021,7.614148999999999,1065.98086,5154.30299038,20.681377520676385,194.0,3.7333333333333334,44,65,43,38,,,-1.314359912022689,0.0185494342422432,10.0426,-4.543471919999998,5.499128080000002,0.5158749360659255,46.05981847000001,38.098051399999996,62.71666666666667,14,2026-07-30
ESP-USDT-SWAP,long,2026-07-30 16:55:39,2026-07-30 16:58:02,0.07546,0.07531,1.5013427450980392,765.6848,5159.80211846,14.839421792177701,136.0,2.3833333333333333,40,37,39,26,,,-0.940895838855027,0.0,13.428999779999998,-3.2704820999999984,10.15851768,1.3267231738177379,51.558946550000016,5.711735999999999,4454.416666666667,16,2026-07-30
ESP-USDT-SWAP,long,2026-07-30 17:18:46,2026-07-30 17:18:53,0.07737,0.0775,1.5475705882352941,263.087,5169.9606363600005,5.088762149361951,0.0,0.11666666666666667,9,10,8,0,,2.531142327060687,0.0,0.19387359441644936,2.3949999200000005,-1.0241361,1.3708638200000005,0.5210686274882456,61.71746423000001,10.15851768,20.733333333333334,17,2026-07-30
ESP-USDT-SWAP,long,2026-07-30 17:31:14,2026-07-30 17:32:18,0.07917,0.07922,1.5834,269.178,5171.33150026,5.205197152541207,2.0,1.0666666666666667,2,18,1,0,,2.3264831329973035,0.0,0.10104837691045088,1.0539999999999998,-0.9759014000000003,0.07809859999999957,0.029013738121243034,63.088328050000015,1.3708638200000005,12.35,17,2026-07-30
ESP-USDT-SWAP,short,2026-07-30 17:43:25,2026-07-30 17:47:37,0.07807,0.07926,1.5886848366013075,2430.6878,5171.40959886,47.002422715381655,209.0,4.2,65,111,64,64,,0.9047434406100674,-2.6258485974125723,-0.0,34.55499942000001,-10.526641399999997,24.028358020000013,0.9885415156977384,63.166426650000005,0.07809859999999957,11.116666666666667,17,2026-07-30
SNDK-USDT-SWAP,short,2026-07-30 21:57:26,2026-07-30 22:03:13,1215.85,1217.25,612.3669889502763,775.868975,5195.43795747,14.933658747371927,117.0,5.783333333333333,3,4,2,2,,,-1.2731833696590922,-0.0,9.48695998,-1.23722348,8.249736500000001,1.063289906649509,87.19478467000003,-10.579627890000001,1893.35,21,2026-07-30
SNDK-USDT-SWAP,short,2026-07-31 09:27:23,2026-07-31 09:32:23,1378.03,1373.69,689.01474801061,259.75856,5203.89331585,4.9916196246534925,0.0,5.0,3,4,2,0,,,-0.0,0.3149423452319611,1.63598999,-0.51869914,1.1172908499999998,0.4301266722451802,0.0,8.249736500000001,684.1666666666666,9,2026-07-31
GRVT-USDT-SWAP,short,2026-07-31 10:43:54,2026-07-31 10:45:59,0.27534,0.2727,0.555043571934798,783.16648,5205.0106067199995,15.046395467261533,95.0,2.0833333333333335,4,24,3,3,,,-1.2566281688094705,1.0278201496331851,68.86239986999999,-2.70665148,66.15574838999999,8.447213980608566,1.1172908500000034,,,10,2026-07-31
MMT-USDT-SWAP,short,2026-07-31 13:48:05,2026-07-31 14:15:53,0.2869,0.294,0.9914644275948004,4575.60833333,5271.16635524,86.80447599194903,1439.0,27.8,73,39,72,68,,,-6.587661205995121,-0.0,87.06399979000003,-10.126864699999993,76.93713509000003,1.6814624304612917,67.27303924,,,13,2026-07-31
GIGGLE-USDT-SWAP,long,2026-07-31 15:58:36,2026-07-31 15:58:58,40.67,40.92,0.08137088190418065,266.65238,5348.10349054,4.985924084522082,0.0,0.36666666666666664,9,4,8,0,,,0.0,0.6392918613228327,7.9262999899999995,-1.33722505,6.58907494,2.4710354882262817,144.21017433000003,,,15,2026-07-31
GIGGLE-USDT-SWAP,long,2026-07-31 16:26:08,2026-07-31 16:27:03,42.03,42.3,0.08407947086614175,266.95232,5354.69256549,4.985390229879082,0.0,0.9166666666666666,12,8,11,0,,3.3439881976887076,0.0,0.6661908160837449,8.26539996,-1.3388943000000002,6.92650566,2.5946602224696904,150.79924927000002,6.58907494,27.166666666666668,16,2026-07-31
MMT-USDT-SWAP,short,2026-07-31 20:00:26,2026-07-31 20:00:37,0.2289,0.2285,0.45765626072041166,266.8136,5361.61907119,4.976362484117718,0.0,0.18333333333333332,14,18,13,0,,,-0.0,0.2621231979030081,2.3879999000000005,-1.332874,1.0551259000000006,0.39545431717123886,157.72575493000002,76.93713509000003,344.55,20,2026-07-31
SATS-USDT-SWAP,short,2026-08-01 09:50:32,2026-08-01 09:50:54,1e-08,1e-08,0.024742,267.386794,5363.22541834,4.985559493465414,4.0,0.36666666666666664,5,22,4,0,,,-0.0,-0.0,3.8056000000000005,-0.9339510099999997,2.8716489900000006,1.0739681444402227,0.0,,,9,2026-08-01
SATS-USDT-SWAP,short,2026-08-01 10:10:31,2026-08-01 10:10:46,1e-08,1e-08,0.022442,214.09668,5366.09706736,3.98980259418473,0.0,0.25,2,9,1,0,,0.0,-0.0,-0.0,10.774610000000001,-0.7440184100000002,10.03059159,4.68507572840457,2.8716489900000006,2.8716489900000006,19.616666666666667,10,2026-08-01
SATS-USDT-SWAP,short,2026-08-01 10:16:22,2026-08-01 10:16:42,1e-08,1e-08,0.021512660330869415,122.234936,5376.12765896,2.2736613368226095,0.0,0.3333333333333333,7,6,6,0,,0.0,-0.0,-0.0,2.2162276,-0.6100665999999999,1.606161,1.31399504311926,12.90224058,10.03059159,5.6,10,2026-08-01
SATS-USDT-SWAP,short,2026-08-01 10:19:50,2026-08-01 10:21:08,1e-08,1e-08,0.021294,268.19793,5377.73382004,4.987192356017448,0.0,1.3,3,13,2,0,0.0,0.0,-0.0,-0.0,9.05214,-0.9341666999999997,8.1179733,3.026859043990384,14.508401580000001,1.606161,3.1333333333333333,10,2026-08-01
SATS-USDT-SWAP,short,2026-08-01 10:36:31,2026-08-01 11:03:35,1e-08,1e-08,0.02035417818942538,3619.420674,5385.851793350001,67.20238158927727,1094.0,27.066666666666666,34,88,33,0,,0.0,-0.0,-0.0,2.4705637999999968,-12.795660499999993,-10.325096699999996,-0.28526931876612244,22.62637488,8.1179733,15.383333333333333,10,2026-08-01
GIGGLE-USDT-SWAP,long,2026-08-01 11:04:53,2026-08-01 11:05:17,44.45,44.52,0.0889,267.8557,5375.52669711,4.9828735878849795,0.0,0.4,1,15,0,0,,,0.0,0.1799775028121342,2.3296,-0.93865975,1.39094025,0.5192871572268203,12.301278180000004,6.92650566,1117.8333333333333,11,2026-08-01
GIGGLE-USDT-SWAP,long,2026-08-01 11:31:18,2026-08-01 11:32:35,46.22,45.81,0.09244000000000001,0.27732,5376.91763736,0.005157601784210344,0.0,1.2833333333333334,3,1,2,0,,3.9820022497187857,-0.8870618779748929,0.0,-0.0123,-0.00138045,-0.01368045,-4.933091735179576,13.692218430000006,1.39094025,26.016666666666666,11,2026-08-01
GIGGLE-USDT-SWAP,long,2026-08-01 13:30:24,2026-08-01 13:30:59,53.45,53.81,0.10691594573024742,267.93136,5376.9039569100005,4.983004385928716,0.0,0.5833333333333334,12,5,11,0,,,0.0,0.7109448082319947,9.05359998,-1.3441835999999996,7.70941638,2.877384857076828,13.678537980000005,-0.01368045,117.81666666666666,13,2026-08-01
GIGGLE-USDT-SWAP,long,2026-08-01 13:31:48,2026-08-01 13:34:04,54.46,53.83,0.10728031040000004,1341.00388,5384.61337331,24.904367073910556,82.0,2.2666666666666666,22,29,21,19,1.8896164639850221,1.8896164639850221,-2.276900477414623,0.0,24.92689984,-5.287447170000001,19.63945267,1.4645336201413526,21.387954360000005,7.70941638,0.8166666666666667,13,2026-08-01
GIGGLE-USDT-SWAP,long,2026-08-01 13:38:01,2026-08-01 13:38:54,53.64,54.22,0.107299424,268.24856,5404.252826139999,4.963656746451612,0.0,0.8833333333333333,3,9,2,0,0.4870738104158834,0.35547240411599734,0.0,1.137211036539898,14.863999949999998,-1.3486748,13.515325149999999,5.038358882522985,41.027407030000006,19.63945267,3.95,13,2026-08-01
BEAT-USDT-SWAP,short,2026-08-02 08:48:24,2026-08-02 08:49:20,4.3738,4.3429,8.74703896103896,269.4088,5417.76815134,4.972689721566729,0.0,0.9333333333333333,4,12,3,0,,,-0.0,0.7407746124651338,9.653899950000001,-1.3422170500000001,8.311682900000001,3.08515642399209,0.0,5.499128080000002,3957.55,8,2026-08-02
BEAT-USDT-SWAP,short,2026-08-02 12:48:08,2026-08-02 12:49:05,3.4845,3.5489,7.09247293814433,1100.7518,5426.079834290001,20.286317813531262,23.0,0.95,13,78,12,10,,,-2.439374372219838,0.020088965418285643,-2.2363004,-4.28451429,-6.52081469,-0.5923964594016562,8.311682900000001,8.311682900000001,238.8,12,2026-08-02
BEAT-USDT-SWAP,short,2026-08-02 12:49:14,2026-08-02 12:49:46,3.5256,3.5137,7.0512,273.58656,5419.55902,5.048133233541205,0.0,0.5333333333333333,2,35,1,0,1.1795092552733477,1.1795092552733477,-0.0,0.39993192648060116,4.795399999999999,-0.9551552600000002,3.840244739999999,1.4036671757560015,1.7908682100000015,-6.52081469,0.15,12,2026-08-02
HOME-USDT-SWAP,long,2026-08-02 16:01:09,2026-08-02 16:06:27,0.008067,0.00815,0.2689270709045726,270.54063333,5423.39926474,4.988396024775613,0.0,5.3,6,14,5,0,,,0.0,1.0536754679558724,8.355399929999999,-0.6233778000000001,7.732022129999999,2.857989217674609,5.63111295,,,16,2026-08-02
BEAT-USDT-SWAP,long,2026-08-03 07:19:31,2026-08-03 07:26:28,3.5145,3.5233,7.0303561497326195,394.40298,6600.87509125,5.975010503119706,0.0,6.95,17,37,16,0,,,0.0,0.29876227059324467,4.77159982,-1.8942495799999999,2.8773502399999997,0.7295457656024809,0.0,3.840244739999999,1109.75,7,2026-08-03
BEAT-USDT-SWAP,long,2026-08-03 07:35:19,2026-08-03 07:38:33,3.4818,3.522,6.9636,394.83612,6603.752441670001,5.97896610279581,1.0,3.2333333333333334,5,20,4,0,,-0.9304310712761499,0.0,1.214888850594531,23.2518,-1.3935523199999997,21.858247679999998,5.5360304118073085,2.8773502399999984,2.8773502399999997,8.85,7,2026-08-03
BEAT-USDT-SWAP,long,2026-08-03 08:27:42,2026-08-03 08:28:09,3.6579,3.6923,7.315799999999999,395.78478,6625.61068935,5.973559246941329,0.0,0.45,5,18,4,0,,,0.0,1.0169769539899898,18.8934,-1.41334872,17.48005128,4.416554694195163,24.73559792,21.858247679999998,49.15,8,2026-08-03
BEAT-USDT-SWAP,long,2026-08-03 08:44:10,2026-08-03 08:45:35,3.679,3.6843,7.328345740740741,791.46134,6643.09074063,11.914052824227136,74.0,1.4166666666666667,19,55,18,18,,0.576833702397539,-0.8371840173960199,0.22560478390867278,22.606499590000002,-2.9018393500000004,19.704660240000003,2.4896554315590453,42.215649199999994,17.48005128,16.016666666666666,8,2026-08-03
BEAT-USDT-SWAP,long,2026-08-03 08:59:50,2026-08-03 09:19:16,3.7056,3.6457,7.3006267100977205,2017.16316,6662.79540128,30.275027800080423,1156.0,19.433333333333334,44,143,43,40,,0.7230225604784035,-3.068329015544047,0.0,-2.53150112,-7.5360257200000005,-10.067526840000001,-0.4990933326384962,61.92030944,19.704660240000003,14.25,8,2026-08-03
BEAT-USDT-SWAP,long,2026-08-03 09:20:32,2026-08-03 09:22:08,3.7057,3.7324,7.361597160493827,1192.57874,6652.72787556,17.92616145297561,90.0,1.6,21,67,20,13,2.4608068128404437,0.0026986183074395598,-1.284507650376454,0.8635345548749118,86.49809959000002,-4.434266319999998,82.06383327000003,6.8812088055502345,51.85278260000001,-10.067526840000001,1.2666666666666666,9,2026-08-03
BICO-USDT-SWAP,long,2026-08-03 10:19:47,2026-08-03 10:21:08,0.01774,0.01786,0.003549943899018233,151.8666,6734.79170924,2.254956152417335,0.0,1.35,15,18,14,0,,,0.0,0.6764374295377795,4.71779991,-0.7616919299999999,3.95610798,2.604988838888867,133.91661587000002,,,10,2026-08-03
BEAT-USDT-SWAP,long,2026-08-03 12:05:07,2026-08-03 12:07:45,3.547,3.527,7.036336715997182,998.45618,6738.74781734,14.816642602811076,148.0,2.6333333333333333,17,70,16,11,,,-1.66901606991825,0.03101212292075939,15.102399829999996,-3.602321879999999,11.500077949999998,1.1517859451778845,137.87272385000003,82.06383327000003,162.98333333333332,12,2026-08-03
HOME-USDT-SWAP,short,2026-08-04 16:30:13,2026-08-04 16:33:49,0.008569,0.008483,0.17138,403.94266,6750.247895459999,5.984115935529996,1.0,3.6,2,9,1,0,,,-0.0,1.1553273427471145,20.5339,-1.4035323600000003,19.13036764,4.7359116860794055,0.0,7.732022129999999,2903.766666666667,16,2026-08-04
HOME-USDT-SWAP,short,2026-08-04 16:39:26,2026-08-04 16:40:20,0.00849,0.008386,0.16978196860415784,400.1761,6769.3782631,5.911563580090759,1.0,0.9,11,20,10,0,,-0.921927879565887,-0.0,1.4369846878680703,24.51239989,-1.55415728,22.95824261,5.737034922875204,19.130367640000003,19.13036764,5.616666666666666,16,2026-08-04
HOME-USDT-SWAP,short,2026-08-04 17:01:25,2026-08-04 17:03:17,0.008383,0.008309,0.16766000000000003,395.17462,6792.33650582,5.817948207680751,2.0,1.8666666666666667,6,66,5,0,,-1.0271546635183038,-0.0,1.2286770845759354,18.8946,-1.3744183399999996,17.520181660000002,4.433529071274871,42.08861025,22.95824261,21.083333333333332,17,2026-08-04
HOME-USDT-SWAP,short,2026-08-04 19:59:08,2026-08-04 20:00:00,0.009291,0.009187,0.18577028675466548,408.13732,6809.85668748,5.9933319999283565,0.0,0.8666666666666667,22,6,21,0,,,-0.0,1.1839414487138211,22.810499959999998,-1.9326036800000004,20.877896279999998,5.115409754736469,59.608791909999994,17.520181660000002,175.85,19,2026-08-04
BEAT-USDT-SWAP,long,2026-08-04 20:05:16,2026-08-04 20:05:40,2.7517,2.7504,5.466243422733078,856.01372,6830.7345838,12.531795951055557,16.0,0.4,15,17,14,6,,,-1.2973798015772031,0.029072936730023535,28.86279991,-3.5222031300000003,25.34059678,2.960302643280063,80.48668819,11.500077949999998,1917.5166666666667,20,2026-08-04
UB-USDT-SWAP,short,2026-08-05 08:54:34,2026-08-05 09:04:41,0.11407,0.12329,2.357170532646048,5487.493,6855.0066769,80.05087753585643,519.0,10.116666666666667,77,239,76,72,,,-8.082756202331897,-0.0,-1150.622001339999,-20.892671699999998,-1171.514673039999,-21.348813985548574,0.0,15.964983299999998,9411.983333333334,8,2026-08-05
UB-USDT-SWAP,long,2026-08-05 09:05:30,2026-08-05 09:12:13,0.1241,0.12372,1.2414990998902304,5655.0284,5683.4920052,99.49918808412227,0.0,6.716666666666667,8,630,7,0,4.637436762225966,8.792846497764529,-0.3062046736502899,0.7493956486704256,110.58199701999996,-39.759661499999964,70.82233552,1.2523780697546982,-1171.514673039999,-1171.514673039999,0.8166666666666667,9,2026-08-05
UB-USDT-SWAP,short,2026-08-05 09:12:31,2026-08-05 09:13:46,0.12375,0.12632,1.237200583531446,5724.5271,5754.3143437,99.48234938307444,0.0,1.25,7,528,6,0,-1.023754298968249,8.486017357762776,-2.076767676767677,0.02424242424242662,-1087.2150016399996,-40.72294170000003,-1127.9379433399997,-19.703600378448723,-1100.6923375199988,70.82233552,0.3,9,2026-08-05
UB-USDT-SWAP,long,2026-08-05 09:13:49,2026-08-05 09:15:59,0.12564,0.12557,1.2564009001636662,4605.9657,4626.376402,99.55881882003426,18.0,2.1666666666666665,24,495,23,0,0.48788290810204415,10.142894713772233,-0.055714740528500784,0.5810251512257336,110.98199726000023,-32.323638600000024,78.6583586600002,1.7077495531501723,-2228.6302808599985,-1127.9379433399997,0.05,9,2026-08-05
UB-USDT-SWAP,long,2026-08-05 09:16:25,2026-08-05 09:59:02,0.12602,0.12313,1.2602,4680.3828,4705.0347634,99.47605140791383,0.0,42.61666666666667,6,399,5,0,0.7918099656082367,10.476023494345576,-2.8725599111252165,0.0,-1057.636,-32.23386160000004,-1089.8698616,-23.28591288729631,-2149.9719221999985,78.6583586600002,0.43333333333333335,9,2026-08-05
SNDK-USDT-SWAP,long,2026-08-05 10:00:07,2026-08-05 10:13:52,1425.96,1420.0,28.5192,3279.708,3615.1649018000003,90.72084093223589,37.0,13.75,82,144,81,0,,,-0.41796403826194206,0.0,-679.4798000000001,-115.46047553000001,-794.9402755300001,-24.238141795855,-3239.841783799998,1.1172908499999998,7227.733333333334,10,2026-08-05
UB-USDT-SWAP,long,2026-08-05 10:15:34,2026-08-05 10:32:43,0.12563,0.12831,0.6281500000000001,1570.375,2820.22462645,55.68262135121957,0.0,17.15,11,1,10,0,,1.6177303243549268,-0.5094324603995726,2.1332484279232844,0.332,-6.2879155,-5.955915500000001,-0.3792670858871289,-4034.7820593299984,-1089.8698616,16.533333333333335,10,2026-08-05
UB-USDT-SWAP,long,2026-08-05 10:36:23,2026-08-05 10:39:06,0.13052,0.13262,0.6526,96.5848,4101.8261167499995,2.354678069009104,23.0,2.716666666666667,9,33,8,0,1.7223910840932,3.89238239274059,0.0,1.6855654305853562,31.62899999999999,-1.3758328999999998,30.25316709999999,31.322907020566376,-4040.7379748299986,-5.955915500000001,3.6666666666666665,10,2026-08-05
UB-USDT-SWAP,long,2026-08-05 10:59:06,2026-08-05 11:01:31,0.13403,0.13463,0.67015,1675.375,4323.15397685,38.75353524235878,3.0,2.4166666666666665,2,389,1,0,,4.457953394123604,0.0,0.9475490561814404,217.7979999999993,-23.572190799999962,194.22580919999933,11.592975256285866,-4010.4848077299985,30.25316709999999,20.0,10,2026-08-05
BEAT-USDT-SWAP,short,2026-08-05 12:45:09,2026-08-05 12:46:08,2.5539,2.5384,5.1078,323.83452,4640.5895153500005,6.978305642609199,1.0,0.9833333333333333,3,24,2,0,,,-0.0,0.6539018755628678,10.0504,-1.1291617900000002,8.92123821,2.754875610543311,-3816.258998529999,25.34059678,999.4833333333333,12,2026-08-05
BEAT-USDT-SWAP,short,2026-08-05 12:52:13,2026-08-05 12:52:53,2.4528,2.4257,4.9056,19.6224,4649.51075356,0.42203150051810673,0.0,0.6666666666666666,1,4,0,0,,-3.958651474215913,-0.0,1.1130136986301276,1.0917,-0.09756615,0.9941338499999999,5.066321397994129,-3807.3377603199992,8.92123821,6.083333333333333,12,2026-08-05
BEAT-USDT-SWAP,short,2026-08-05 12:54:08,2026-08-05 12:56:13,2.4211,2.4071,4.8422,370.91252,4650.504887409999,7.9757473431357235,1.0,2.0833333333333335,3,26,2,0,-1.2924005218525658,-5.199890363757387,-0.0,0.6154227417289659,10.887999999999996,-1.32543467,9.562565329999996,2.5781187785195274,-3806.343626469999,0.9941338499999999,1.25,12,2026-08-05
SNDK-USDT-SWAP,long,2026-08-05 13:02:12,2026-08-05 13:59:59,1472.09,1466.0,146.46741801155605,735.119971,4660.06745274,15.77487833502857,2067.0,57.78333333333333,11,29,10,9,,,-1.0651522665054314,0.0,6.755859749999999,-6.261676150000004,0.49418359999999506,0.06722489110556283,-3796.781061139999,-794.9402755300001,168.33333333333334,13,2026-08-05
SNDK-USDT-SWAP,short,2026-08-06 10:05:37,2026-08-06 10:55:49,1247.94,1244.32,124.79400000000001,108.445986,5453.01689616,1.9887337241952685,0.0,50.2,1,2,0,0,,,-0.0,0.29007804862414277,3.14578,-0.97459827,2.17118173,2.002085840226488,0.0,0.49418359999999506,1205.6333333333334,10,2026-08-06
CAP-USDT-SWAP,short,2026-08-06 10:32:22,2026-08-06 10:32:46,0.0313,0.0312,0.626,266.05,5344.08290322,4.9784033073232346,0.0,0.4,5,19,4,0,,,-0.0,0.383386581469658,4.703,-0.91281395,3.7901860500000004,1.4246141890622064,2.1711817299999994,4.122837709999999,45295.85,10,2026-08-06
BICO-USDT-SWAP,short,2026-08-06 14:47:33,2026-08-06 14:58:10,0.02796,0.0282,0.005635390545253635,815.976374,5465.70113486,14.929033876289699,624.0,10.616666666666667,43,31,42,23,,,-1.2160228898426384,0.07153075822603494,-1.53459012,-3.49826965,-5.03285977,-0.6167898888209722,5.96136778,3.95610798,4586.416666666667,14,2026-08-06
BEAT-USDT-SWAP,short,2026-08-06 15:07:32,2026-08-06 15:08:27,1.8861,1.875,3.7721999999999993,271.97562,5460.66827526,4.980628858782863,0.0,0.9166666666666666,4,11,3,0,,,-0.0,0.6256296060654254,8.1602,-0.83241719,7.3277828099999995,2.694279292386575,0.9285080100000007,9.562565329999996,1571.3166666666666,15,2026-08-06
BEAT-USDT-SWAP,short,2026-08-06 16:05:11,2026-08-06 16:07:51,1.7526,1.7379,3.5052000000000003,4.20624,5474.17549753,0.07683787269695493,0.0,2.6666666666666665,1,1,0,0,,,-0.0,0.8387538514207482,0.1764,-0.01274965,0.16365035,3.8906565008178324,8.25629082,7.3277828099999995,56.733333333333334,16,2026-08-06
BEAT-USDT-SWAP,short,2026-08-06 16:41:53,2026-08-06 16:45:39,1.6609,1.6482,3.3214145000000004,265.71316,5474.3391478799995,4.853794272189009,0.0,3.7666666666666666,3,26,2,0,,,-0.0,0.8188331627430934,10.284799999999995,-0.81976519,9.465034809999995,3.562124965884262,8.419941169999998,0.16365035,34.03333333333333,16,2026-08-06
BEAT-USDT-SWAP,short,2026-08-06 16:53:41,2026-08-06 17:06:16,1.6191,1.6282,3.264427083333334,783.4625,5483.804182729999,14.286843109156559,137.0,12.583333333333334,33,56,32,22,,-2.516707809019214,-1.5008337965536356,0.024705083070841738,11.028799790000006,-3.141391169999999,7.8874086200000075,1.0067372235429275,17.884975979999993,9.465034809999995,8.033333333333333,16,2026-08-06
BEAT-USDT-SWAP,long,2026-08-06 20:30:07,2026-08-06 20:33:39,1.9961,1.9736,3.9436983090379005,1352.68852,5494.16025797,24.620478043714648,95.0,3.533333333333333,33,20,32,26,,,-1.8385852412203807,0.020039076198585803,9.601899889999997,-5.254957250000001,4.3469426399999955,0.32135577228082013,25.772384600000002,7.8874086200000075,203.85,20,2026-08-06
BEAT-USDT-SWAP,long,2026-08-06 20:39:23,2026-08-06 20:39:54,2.0411,2.0567,4.0827606413994175,280.07738,5498.507200800001,5.093698521650574,0.0,0.5166666666666667,10,18,9,0,,2.2543960723410805,0.0,0.9504678849640014,11.2891999,-0.9504811900000002,10.33871871,3.691379400221467,30.119327239999997,4.3469426399999955,5.733333333333333,20,2026-08-06
BEAT-USDT-SWAP,long,2026-08-06 20:48:06,2026-08-06 20:49:16,2.0669,2.0744,4.1338,283.57868,5508.84591965,5.147696707008588,0.0,1.1666666666666667,3,10,2,0,,3.5469164871499315,0.0,0.40156756495235424,5.543300000000001,-0.8698070899999999,4.673492910000001,1.6480409987097762,40.45804595,10.33871871,8.2,20,2026-08-06
BEAT-USDT-SWAP,long,2026-08-06 20:55:33,2026-08-06 20:55:56,2.02,2.0273,4.04,277.144,5513.51941258,5.026625994417476,1.0,0.38333333333333336,3,14,2,0,,1.1973348028655906,0.0,0.3811881188118704,5.1164,-0.8481774000000001,4.2682226,1.540073968767139,45.13153886,4.673492910000001,6.283333333333333,20,2026-08-06
BEAT-USDT-SWAP,long,2026-08-06 21:17:28,2026-08-06 21:17:45,2.0949,2.103,4.189799999999999,26.81472,5517.7876352,0.4859686847848044,0.0,0.2833333333333333,2,2,1,0,,1.3546857612850127,0.0,0.4009737934985047,0.5373,-0.12090804,0.41639196,1.5528484354861807,49.39976146,4.2682226,21.533333333333335,21,2026-08-06
SNDK-USDT-SWAP,short,2026-08-06 21:47:28,2026-08-06 21:47:52,1260.89,1254.26,126.089,63.0445,5518.20402717,1.142482222288041,0.0,0.4,1,1,0,0,,,-0.0,0.5258190643117278,3.315,-0.56590875,2.74909125,4.360556828906566,49.81615342,2.17118173,651.65,21,2026-08-06
BEAT-USDT-SWAP,long,2026-08-06 21:55:09,2026-08-06 21:55:14,2.1444,2.1498,4.2888,300.216,5520.9531184200005,5.437756734400899,0.0,0.08333333333333333,2,17,1,0,,,0.0,0.2797985450475604,3.9021,-0.9466429399999999,2.95545706,0.9844435539744716,52.56524467,0.41639196,37.4,21,2026-08-06
ZBT-USDT-SWAP,long,2026-08-06 22:43:05,2026-08-06 22:48:58,0.17727,0.17354,0.034617177173731126,2896.003808,3400.4017373799998,85.16651947811799,271.0,5.883333333333334,95,200,94,91,,,-3.7682631014836265,0.0,51.613328929999994,-9.908733899999994,41.70459503,1.440073901656969,55.52070172999999,,,22,2026-08-06
BEAT-USDT-SWAP,short,2026-08-07 09:16:46,2026-08-07 09:16:49,2.0639,2.0398,4.1262564171123,308.64398,3442.5207739400003,8.96563885210063,0.0,0.05,7,9,6,0,,,-0.0,1.2742865448907459,18.04039995,-1.0092360700000003,17.03116388,5.518061256208529,0.0,2.95545706,681.5333333333333,9,2026-08-07
BEAT-USDT-SWAP,short,2026-08-07 09:17:37,2026-08-07 09:18:40,1.9815,2.0198,4.027196533333334,1510.1987,3459.5519378900003,43.653014237476036,40.0,1.05,30,149,29,11,-3.9924414942584363,-3.9924414942584363,-2.488014130709071,0.03532677264699302,-16.82690055,-4.987639529999996,-21.814540079999997,-1.4444814500237617,17.03116388,17.03116388,0.8,9,2026-08-07
BEAT-USDT-SWAP,short,2026-08-07 09:18:51,2026-08-07 09:19:08,2.0015,1.9891,4.002754666666666,300.2066,3437.7373986599996,8.732679817749252,0.0,0.2833333333333333,3,22,2,0,-3.02340229662289,-3.02340229662289,-0.0,0.7244566575068667,9.817499909999999,-1.2687529699999998,8.54874694,2.847621251498135,-4.783376199999996,-21.814540079999997,0.18333333333333332,9,2026-08-07
ZBT-USDT-SWAP,short,2026-08-07 09:28:53,2026-08-07 09:32:40,0.19656,0.19679,0.039526923241699395,553.57456,3446.28614569,16.062930836207908,172.0,3.783333333333333,6,21,5,4,,,-1.0938135938135973,-0.0,12.455849919999999,-1.6953014800000004,10.760548439999997,1.943830012708676,3.7653707400000034,41.70459503,639.9166666666666,9,2026-08-07
ZBT-USDT-SWAP,short,2026-08-07 10:37:00,2026-08-07 10:37:16,0.16933,0.16866,0.033866,310.280292,3457.04669422,8.97529942302406,0.0,0.26666666666666666,3,18,2,0,,,-0.0,0.46063898895647437,6.4395500000000006,-0.9522470199999999,5.487302980000001,1.768498715993216,14.52591918,10.760548439999997,64.33333333333333,10,2026-08-07
ZBT-USDT-SWAP,short,2026-08-07 10:54:06,2026-08-07 10:54:12,0.14947,0.14882,0.029894,269.046,3462.53399721,7.77020529521988,0.0,0.1,11,25,10,0,,-11.728577334199496,-0.0,0.4950826252759666,6.026979999999999,-0.81787815,5.209101849999999,1.936138002423377,20.01322216,5.487302980000001,16.833333333333332,10,2026-08-07
ZBT-USDT-SWAP,short,2026-08-07 11:01:12,2026-08-07 11:01:26,0.14657,0.14515,0.029314000000000003,263.826,3467.7430990499997,7.608003028606014,0.0,0.23333333333333334,1,22,0,0,,-13.441209472627413,-0.0,1.0165791089581933,12.958189999999997,-0.79883816,12.159351839999996,4.608852743853902,25.222324009999998,5.209101849999999,7.0,11,2026-08-07
ZBT-USDT-SWAP,short,2026-08-07 11:06:16,2026-08-07 11:08:05,0.1434,0.1463,0.029324806629629625,1583.539558,3479.90245093,45.50528586158502,92.0,1.8166666666666667,52,58,51,45,-1.1579818031430822,-15.313293568771048,-3.507670850767086,0.0069735006973603575,25.50961970000001,-5.536764170000002,19.972855530000007,1.2612792291229902,37.38167584999999,12.159351839999996,4.833333333333333,11,2026-08-07
ZBT-USDT-SWAP,short,2026-08-07 11:26:15,2026-08-07 11:26:35,0.13923,0.13861,0.027846,250.614,3499.87530679,7.160655110020392,0.0,0.3333333333333333,5,15,4,0,,-5.007846080371159,-0.0,0.4812181282769501,5.80155,-0.7628117800000002,5.03873822,2.0105573591259867,57.354531380000005,19.972855530000007,18.166666666666668,11,2026-08-07
BICO-USDT-SWAP,short,2026-08-07 15:11:19,2026-08-07 15:11:26,0.03954,0.0394,0.007908,279.761316,3504.914045,7.981973663493937,1.0,0.11666666666666667,7,11,6,0,,,-0.0,0.3793626707131903,5.24199,-0.8715873700000002,4.37040263,1.562189759644968,62.393269599999996,-5.03285977,1453.15,15,2026-08-07
BICO-USDT-SWAP,short,2026-08-07 15:18:11,2026-08-07 15:18:47,0.03916,0.03906,0.007832,94.352104,3509.2844475999996,2.6886422405720753,2.0,0.6,9,20,8,0,,-0.9610520991401028,-0.0,0.2808988764044895,1.2136799999999999,-0.37734081999999997,0.83633918,0.886402257653947,66.76367223000001,4.37040263,6.75,15,2026-08-07
BICO-USDT-SWAP,long,2026-08-07 15:44:13,2026-08-07 15:44:22,0.0407,0.04083,0.00814,315.12382,3510.1207868,8.977577671544532,0.0,0.15,4,8,3,0,,3.93258426966292,0.0,0.3439803439803546,5.204000000000001,-0.9634694500000001,4.240530550000001,1.3456712190147988,67.60001141000001,0.83633918,25.433333333333334,15,2026-08-07
BICO-USDT-SWAP,long,2026-08-07 15:47:08,2026-08-07 15:47:17,0.04046,0.04055,0.008092,315.418068,3514.36131735,8.975117795737651,1.0,0.15,3,75,2,0,-0.5896805896805857,3.3197139938712983,0.0,0.2965892239248591,3.874179999999999,-0.9653994500000002,2.908780549999999,0.9221984550358728,71.84054196,4.240530550000001,2.7666666666666666,15,2026-08-07
BICO-USDT-SWAP,long,2026-08-07 15:51:05,2026-08-07 15:51:53,0.04175,0.04186,0.00835,315.9139,3517.27009792,8.981792447126006,0.0,0.8,43,42,42,0,3.188334157192285,2.5798525798525818,0.0,0.3353293413173475,4.57472,-1.0059745800000002,3.56874542,1.1296576124064184,74.74932251,2.908780549999999,3.8,15,2026-08-07
BICO-USDT-SWAP,long,2026-08-07 16:03:40,2026-08-07 16:04:05,0.04247,0.0426,0.008494,281.032484,3520.83884339,7.981975219559072,0.0,0.4166666666666667,20,17,19,0,,4.348894348894361,0.0,0.37673651989640344,4.63874,-0.8743362800000001,3.7644037200000002,1.3394906049366166,78.31806793,3.56874542,11.783333333333333,16,2026-08-07
BICO-USDT-SWAP,long,2026-08-07 18:07:32,2026-08-07 18:10:02,0.05037,0.05013,0.010009359362840064,604.49524,3524.60324709,17.15073151847903,105.0,2.5,37,41,36,12,,,-1.3698630136986245,0.019853087155063953,5.262859800000002,-2.2995412500000003,2.9633185500000017,0.4902137111948147,82.08247165,3.7644037200000002,123.45,18,2026-08-07
BICO-USDT-SWAP,short,2026-08-07 19:42:04,2026-08-07 19:42:41,0.05025,0.05007,0.01005,281.73165,3527.56656583,7.986572180636128,0.0,0.6166666666666667,7,17,6,0,,,-0.0,0.37810945273631935,5.18976,-0.9410731899999998,4.24868681,1.5080615933637558,85.04579020000001,2.9633185500000017,92.03333333333333,19,2026-08-07
BICO-USDT-SWAP,short,2026-08-07 19:52:08,2026-08-07 19:52:26,0.04915,0.04908,0.009828696986607143,281.8084,3531.81525264,7.9791376343751494,0.0,0.3,16,43,15,0,,-2.189054726368167,-0.0,0.20345879959307034,2.06855977,-1.1554964800000005,0.9130632899999993,0.3240014456630815,89.29447701000001,4.24868681,9.45,19,2026-08-07
BICO-USDT-SWAP,short,2026-08-07 19:58:31,2026-08-07 20:01:08,0.04751,0.04844,0.009677638683340813,1531.476644,3532.72831614,43.35110166845077,146.0,2.6166666666666667,22,186,21,15,,-5.452736318407969,-2.7783624500105297,0.02104820037885924,-4.9082008,-4.879108429999997,-9.787309229999998,-0.6390766237503258,90.2075403,0.9130632899999993,6.083333333333333,19,2026-08-07
BICO-USDT-SWAP,short,2026-08-07 20:02:09,2026-08-07 20:02:41,0.048,0.04771,0.0096,288.0,3522.94100772,8.174987868627118,1.0,0.5333333333333333,9,18,8,0,1.0313618185645135,-4.477611940298509,-0.0,0.6458333333333233,9.10013,-1.03499743,8.06513257,2.800393253472222,80.42023107,-9.787309229999998,1.0166666666666666,20,2026-08-07
BICO-USDT-SWAP,short,2026-08-07 20:03:09,2026-08-07 20:03:12,0.0473,0.04705,0.009456347466666667,283.690424,3531.0061403,8.034265949361878,0.0,0.05,23,15,22,0,-0.44201220795621055,-5.870646766169152,-0.0,0.5496828752642791,7.005609929999999,-1.0908897400000002,5.914720189999999,2.084920635178013,88.48536364,8.06513257,0.4666666666666667,20,2026-08-07
BICO-USDT-SWAP,short,2026-08-07 20:29:05,2026-08-07 20:29:47,0.04177,0.04153,0.008352105082234405,281.841786,3536.92086054,7.968563536277987,0.0,0.7,25,29,24,0,,-13.232239302035731,-0.0,0.6942781900885819,8.248039900000002,-1.0325896200000002,7.2154502800000015,2.560106640822948,94.40008383000001,5.914720189999999,25.883333333333333,20,2026-08-07
BICO-USDT-SWAP,long,2026-08-07 21:05:14,2026-08-07 21:07:38,0.04943,0.04996,0.009886,296.58,3544.13631094,8.368188296948968,3.0,2.4,6,4,5,0,,,0.0,1.0924539753186302,16.05813,-0.9818918399999998,15.076238159999999,5.0833630588711305,101.61553411,7.2154502800000015,35.45,21,2026-08-07
BICO-USDT-SWAP,long,2026-08-08 10:36:09,2026-08-08 10:36:36,0.0569,0.05706,0.01138,282.66782,3545.12259224,7.973428637383037,1.0,0.45,5,22,4,0,,,0.0,0.31634446397188487,4.08655,-0.8738599000000001,3.2126900999999997,1.1365602564876325,0.0,15.076238159999999,808.5166666666667,10,2026-08-08
BEAT-USDT-SWAP,long,2026-08-09 09:08:17,2026-08-09 09:12:48,3.0129,3.036,6.026636842105262,251.91342,3548.33528234,7.0994818684065315,0.0,4.516666666666667,21,13,20,0,,,0.0,0.7899366059278545,9.587699910000001,-1.1379248999999998,8.449775010000002,3.35423774168125,0.0,8.54874694,2869.15,9,2026-08-09
BICO-USDT-SWAP,long,2026-08-09 09:34:26,2026-08-09 09:42:17,0.0698,0.06877,0.013724294470220149,1925.69693,3556.7850574900003,54.14150416384598,397.0,7.85,40,86,39,20,,,-2.7220630372492782,0.05730659025786622,25.557119489999987,-6.318318900000005,19.238800589999983,0.9990565124907782,8.449775010000003,3.2126900999999997,1377.8333333333333,9,2026-08-09
BICO-USDT-SWAP,long,2026-08-09 10:46:31,2026-08-09 10:48:29,0.07184,0.07258,0.0143709678,287.419356,3576.02385861,8.037400402348542,1.0,1.9666666666666666,21,4,20,0,,,0.0,1.071826280623589,14.66879998,-1.1444011100000002,13.524398869999999,4.705458622626654,27.688575599999986,19.238800589999983,64.23333333333333,10,2026-08-09
BICO-USDT-SWAP,long,2026-08-09 21:09:11,2026-08-09 21:11:26,0.0467,0.04664,0.009299000000000002,557.94,3589.54825751,15.543460067229525,93.0,2.25,4,14,3,1,,,-0.8779443254818053,0.0,9.343190000000002,-1.70592144,7.637268560000002,1.3688333082410296,41.212974469999985,13.524398869999999,620.7,21,2026-08-09
BICO-USDT-SWAP,long,2026-08-09 21:30:26,2026-08-09 21:31:11,0.05078,0.0503,0.010034,903.06,3597.1855260700004,25.10462675486776,32.0,0.75,5,109,4,4,,8.736616702355459,-2.2055927530523767,0.0,12.975098909999996,-2.760171950000003,10.214926959999993,1.1311459880849548,48.85024302999999,7.637268560000002,19.0,21,2026-08-09
BICO-USDT-SWAP,long,2026-08-09 21:37:18,2026-08-09 21:40:46,0.05183,0.05167,0.010252026866666663,615.121612,3607.4004542800003,17.051658661022483,108.0,3.466666666666667,25,22,24,24,,10.985010706638132,-1.6978583831757654,0.0,25.690299870000004,-2.4789939,23.211305970000005,3.773449919038124,59.06516998999998,10.214926959999993,6.116666666666666,21,2026-08-09
BEAT-USDT-SWAP,short,2026-08-10 08:39:38,2026-08-10 08:39:51,3.0144,2.9883,6.028468058455114,288.76362,3620.33179007,7.976164527020235,0.0,0.21666666666666667,5,14,4,0,,,-0.0,0.8990180467091435,12.64119995,-1.01752649,11.623673460000001,4.025324748318365,0.0,8.449775010000002,1406.8333333333333,8,2026-08-10
BEAT-USDT-SWAP,short,2026-08-10 08:49:18,2026-08-10 08:49:24,3.0441,3.0332,6.082227555555557,273.70024,3631.95546361,7.535891966250993,0.0,0.1,18,4,17,0,,0.9852707006369199,-0.0,0.3646397950132996,3.57849998,-1.2300407899999999,2.3484591900000003,0.8580406031065227,11.623673460000001,11.623673460000001,9.45,8,2026-08-10
BEAT-USDT-SWAP,short,2026-08-10 08:51:38,2026-08-10 08:53:40,2.9308,2.9735,5.976587200000001,1344.73212,3634.30392285,37.00109150325184,56.0,2.033333333333333,21,25,20,20,-3.721953943694356,-2.7733545647558477,-2.992357035621662,-0.0,34.2083,-4.8954377000000004,29.3128623,2.179829117192501,13.972132649999999,2.3484591900000003,2.2333333333333334,8,2026-08-10
BEAT-USDT-SWAP,short,2026-08-10 09:12:48,2026-08-10 09:13:33,3.0691,3.0509,6.138199999999999,276.219,3663.61678518,7.539516717942672,0.0,0.75,1,6,0,0,,0.8212607995795151,-0.0,0.6158157114463658,8.2553,-0.83875307,7.41654693,2.6850241764686715,43.28499495,29.3128623,19.133333333333333,9,2026-08-10
BEAT-USDT-SWAP,long,2026-08-10 09:20:11,2026-08-10 09:22:45,3.1554,3.1436,6.279224222222221,565.13018,3671.0333321099997,15.394308056450692,117.0,2.566666666666667,16,29,15,1,,7.663436604340124,-1.0426570323889273,0.0507067249793991,4.143999810000001,-2.1374644100000006,2.0065354000000006,0.35505720115673184,50.70154187999999,7.41654693,6.633333333333334,9,2026-08-10
BEAT-USDT-SWAP,long,2026-08-10 09:27:06,2026-08-10 09:33:58,3.107,2.881,6.03689617094017,3531.58426,3673.03986775,96.1488137117158,226.0,6.866666666666666,62,106,61,60,-0.4963971176941473,1.2348897070802556,-7.273897650466699,0.0,-782.7152005500001,-11.051279649999998,-793.7664802,-22.476215255303014,52.70807728,2.0065354000000006,4.35,9,2026-08-10
BEAT-USDT-SWAP,short,2026-08-10 09:34:17,2026-08-10 09:38:56,2.9162,2.9162,2.9162000000000003,2099.664,2879.27338825,72.92339826320416,0.0,4.65,5,1,4,0,-4.135437212360282,-4.981916522759122,-0.5212262533433876,-0.0,0.60419771,-3.411954,-2.8077562900000004,-0.13372407632840302,-741.05840292,-793.7664802,0.31666666666666665,9,2026-08-10
BEAT-USDT-SWAP,long,2026-08-10 09:45:53,2026-08-10 09:48:01,2.8791,2.9064,2.8798815129293702,746.1773,3069.46958424,24.309649583472034,0.0,2.1333333333333333,30,46,29,0,-0.23217132164390364,-8.756417569880204,0.0,1.0350456739953495,72.25799973,-6.748111910000001,65.50988781999999,8.779399724435464,-743.8661592100001,-2.8077562900000004,6.95,9,2026-08-10
BEAT-USDT-SWAP,long,2026-08-10 09:52:26,2026-08-10 09:52:41,2.8812,2.8913,2.8811999999999998,70.01316,3134.97947244,2.233289264427232,1.0,0.25,2,12,1,0,-0.9522499914056848,-8.393742846241881,0.0,0.3713730390115133,2.5342,-0.4374116999999999,2.0967883,2.9948488255636514,-678.35627139,65.50988781999999,4.416666666666667,9,2026-08-10
BEAT-USDT-SWAP,long,2026-08-10 09:53:02,2026-08-10 09:55:12,2.8759,2.9028,2.8758999999999997,823.94535,3137.07626075,26.264753595853428,9.0,2.1666666666666665,7,63,6,0,-0.18395113147300357,-7.438043128419702,0.0,1.1231266733891854,82.4718,-5.084029240000001,77.38777076,9.392342679038117,-676.25948309,2.0967883,0.35,9,2026-08-10
BEAT-USDT-SWAP,long,2026-08-10 09:57:39,2026-08-10 10:02:12,2.878,2.8436,2.8700624000000006,35.87578,3214.46403153,1.1160734619551516,22.0,4.55,5,1,4,1,-0.4806528579826441,-6.421720045521051,-1.3446838082001422,0.0,-1.33797667,-0.08633213,-1.4243088,-3.9701124268238908,-598.8717123300002,77.38777076,2.45,9,2026-08-10
BEAT-USDT-SWAP,short,2026-08-10 10:02:21,2026-08-10 10:18:30,2.8474,2.825,2.847400000000001,2050.128,2699.12989389,75.95514408702077,0.0,16.15,6,1,5,0,-1.0632383599722073,-1.429708865579682,-0.0,0.7866825876237882,0.0221,-3.29799098,-3.27589098,-0.15978958289433634,-600.2960211300001,-1.4243088,0.15,10,2026-08-10
BICO-USDT-SWAP,short,2026-08-10 11:22:49,2026-08-10 11:24:03,0.03948,0.03878,0.007896,59.156832,2946.02045554,2.0080251611544453,1.0,1.2333333333333334,8,6,7,0,,,-0.0,2.0010131712259294,5.29727,-0.2603872199999999,5.03688278,8.514456588885624,-603.5719121100001,23.211305970000005,822.05,11,2026-08-10
BEAT-USDT-SWAP,short,2026-08-10 11:26:03,2026-08-10 11:26:45,2.6691,2.65,2.66807076,667.01769,2951.05733833,22.602667909443756,0.0,0.7,13,9,12,0,,-4.5556946182728435,-0.0,0.7380765051890115,45.348,-4.35175086,40.996249139999996,6.146201180961182,-598.5350293300002,-3.27589098,67.55,11,2026-08-10
BEAT-USDT-SWAP,short,2026-08-10 11:28:04,2026-08-10 11:31:15,2.6082,2.6104,2.62415,1312.075,2992.0535874800003,43.85198866391528,7.0,3.183333333333333,6,1,5,2,-2.281667977970092,-6.7334167709636965,-1.702323441453868,-0.0,51.5262,-3.5519793799999997,47.974220620000004,3.6563626789627124,-557.5387801900001,40.996249139999996,1.3166666666666667,11,2026-08-10
ACT-USDT-SWAP,long,2026-08-10 15:14:23,2026-08-10 15:17:15,0.013356,0.013399,0.0026587937195306456,316.3220064,3157.14029607,10.01925719911012,45.0,2.8666666666666667,21,29,20,10,,,-0.9209344115004514,0.3893381251871775,12.793481830000001,-1.3023032500000002,11.491178580000001,3.632747120814924,-509.5645595700001,,,15,2026-08-10
CAP-USDT-SWAP,short,2026-08-10 15:20:18,2026-08-10 15:20:31,0.04951,0.04896,0.9902,71.2944,3168.63147481,2.2500060536157807,1.0,0.21666666666666667,3,2,2,0,,,-0.0,1.1310846293677956,3.9640000000000004,-0.21709991,3.7469000900000005,5.255532117529568,-498.07338099000003,3.7901860500000004,6047.533333333334,15,2026-08-10
CAP-USDT-SWAP,short,2026-08-10 15:23:05,2026-08-10 15:23:13,0.04881,0.04839,0.9762000000000001,284.0742,3172.3783749,8.954612799267824,0.0,0.13333333333333333,1,6,0,0,-1.41385578670975,-1.41385578670975,-0.0,0.9219422249538978,12.609000000000002,-0.8607522599999999,11.748247740000002,4.135626445485018,-494.3264809000001,3.7469000900000005,2.566666666666667,15,2026-08-10
CAP-USDT-SWAP,short,2026-08-10 15:24:05,2026-08-10 15:26:04,0.04812,0.04805,0.9687428571428571,671.3388,3184.1266226400003,21.08392283229567,79.0,1.9833333333333334,10,16,9,5,-2.80751363360936,-2.80751363360936,-1.267664172901073,0.18703241895261513,27.487999969999997,-2.1176120199999997,25.370387949999998,3.779073688277811,-482.5782331600001,11.748247740000002,0.8666666666666667,15,2026-08-10
CAP-USDT-SWAP,short,2026-08-10 15:44:20,2026-08-10 15:54:06,0.04828,0.04983,0.9967755333333335,2990.3266,3209.49701062,93.17119131456485,356.0,9.766666666666667,56,82,55,55,,-2.4843465966471356,-5.095277547638766,-0.0,15.7529997,-11.514502299999998,4.238497400000002,0.14174028348609152,-457.2078452100001,25.370387949999998,18.266666666666666,15,2026-08-10
CAP-USDT-SWAP,short,2026-08-10 15:54:30,2026-08-10 15:55:18,0.05004,0.04985,1.0008000000000001,300.24,3213.73550832,9.342399186949654,0.0,0.8,4,10,3,0,-1.1653170057278284,2.79375513557929,-0.0,0.4196642685851404,6.013999999999999,-0.94350006,5.0704999399999995,1.6888155941913132,-452.96934781000004,4.238497400000002,0.4,15,2026-08-10
ACT-USDT-SWAP,short,2026-08-10 16:18:34,2026-08-10 16:21:37,0.012137,0.012191,0.002442776780404462,446.0827962,3218.80600826,13.858641839715602,24.0,3.05,8,40,7,6,,,-1.285325863063358,-0.0,4.83439783,-1.3674086799999998,3.4669891500000007,0.7772075452211759,-447.89884787000005,11.491178580000001,61.31666666666667,16,2026-08-10
GRVT-USDT-SWAP,long,2026-08-10 16:25:30,2026-08-10 16:25:37,0.39249,0.39336,0.7849799999999999,256.68846,3222.2729975899997,7.9660680579200545,0.0,0.11666666666666667,3,4,2,0,,,0.0,0.22675736961450532,2.871,-1.15639004,1.71460996,0.6679731375535931,-444.4318587200001,66.15574838999999,14739.516666666666,16,2026-08-10
GRVT-USDT-SWAP,long,2026-08-10 16:30:21,2026-08-10 16:39:04,0.39857,0.39829,0.791976137071651,508.44868,3223.98760757,15.77080131468714,158.0,8.716666666666667,5,17,4,2,1.549084053096883,1.549084053096883,-1.299646235291152,0.0,15.349899919999997,-1.5865722900000003,13.763327629999996,2.7069256291510078,-442.7172487600001,1.71460996,4.733333333333333,16,2026-08-10
ACT-USDT-SWAP,short,2026-08-10 17:25:15,2026-08-10 17:32:02,0.011462,0.011595,0.0023213675751111106,1044.6154088,3244.38388244,32.197651284544584,173.0,6.783333333333333,34,77,33,24,,,-2.189844704240085,0.04362240446693644,9.198712630000001,-3.5373032299999996,5.661409400000002,0.5419611229460548,-428.9539211300001,3.4669891500000007,63.63333333333333,17,2026-08-10
BEAT-USDT-SWAP,long,2026-08-10 17:37:28,2026-08-10 17:46:58,2.5456,2.5715,2.5463427331887205,234.7728,2089.86465264,11.233875825567253,1.0,9.5,16,19,15,0,11.70791644725293,-3.7653107515499773,0.0,1.0606536769327546,23.675299889999998,-1.7883369100000002,21.886962979999996,9.322614451077808,-423.2925117300001,47.974220620000004,366.21666666666664,17,2026-08-10
BEAT-USDT-SWAP,long,2026-08-10 17:48:18,2026-08-10 18:02:31,2.5898,2.6412,2.58989975,1864.72782,2255.97369823,82.65733866769081,0.0,14.216666666666667,14,182,13,0,0.6685843115913803,-2.094359594737638,0.0,2.324503822689006,402.8025981800004,-11.999232460000012,390.8033657200004,20.957662642690682,-401.40554875000004,21.886962979999996,1.3333333333333333,17,2026-08-10
BEAT-USDT-SWAP,long,2026-08-10 18:05:09,2026-08-10 18:10:01,2.6208,2.4882,2.6207999999999996,370.05696,2321.56314233,15.939991174592743,0.0,4.866666666666666,5,35,4,0,-1.101886792452822,7.185800171772105,-5.257936507936501,0.0,-186.39549999999997,-2.17650966,-188.57200965999996,-50.95756330592997,-10.602183029999651,390.8033657200004,2.6333333333333333,18,2026-08-10
BEAT-USDT-SWAP,short,2026-08-10 18:19:16,2026-08-10 18:19:37,2.4392,2.4237,2.4380668841761826,298.907,1073.58228287,27.842020566968934,0.0,0.35,20,23,19,0,,-7.954716981132071,-0.0,0.6887504099704844,18.3201999,-2.68191901,15.638280889999999,5.231821566574219,-199.17419268999961,-188.57200965999996,9.25,18,2026-08-10
BICO-USDT-SWAP,short,2026-08-10 19:31:39,2026-08-10 19:46:38,0.04143,0.04118,0.008286,108.67089,1089.22056396,9.9769407221723,0.0,14.983333333333333,5,5,4,0,,,-0.0,0.6275645667390806,3.3923699999999997,-0.48749243000000003,2.9048775699999996,2.673096327820633,-183.5359117999996,5.03688278,487.6,19,2026-08-10
BEAT-USDT-SWAP,short,2026-08-10 20:08:15,2026-08-10 20:09:01,2.4512,2.4258,2.4512,108.58816,1092.12544153,9.942828531480297,0.0,0.7666666666666667,1,10,0,0,,,-0.0,1.052545691906015,11.303499999999998,-0.6573012099999999,10.646198789999998,9.804198533247085,-180.6310342299996,15.638280889999999,108.63333333333334,20,2026-08-10
DOS-USDT-SWAP,long,2026-08-10 21:17:39,2026-08-10 21:17:53,0.4091,0.4114,0.8181999999999999,64.6378,3646.4007972,1.7726466067480597,1.0,0.23333333333333334,6,4,5,0,,,0.0,0.5866536299193204,1.8179999999999998,-0.22525036,1.5927496399999999,2.4641148677708706,-169.9848354399996,,,21,2026-08-10
DOS-USDT-SWAP,long,2026-08-10 21:22:11,2026-08-10 21:22:25,0.4464,0.4507,0.8927999999999999,181.2384,3647.9935468400004,4.9681666832166975,0.0,0.23333333333333334,5,6,4,0,9.117575164996339,9.117575164996339,0.0,0.963261648745517,8.729000000000001,-0.5579997299999999,8.17100027,4.508426619303636,-168.39208579999962,1.5927496399999999,4.3,21,2026-08-10
SNDK-USDT-SWAP,long,2026-08-10 21:35:10,2026-08-10 21:35:38,1218.12,1224.76,121.81200000000001,218.408916,3656.16454712,5.973716805827108,0.0,0.4666666666666667,1,16,0,0,,,0.0,0.5631629067743837,11.96162,-1.3376771,10.6239429,4.864244141022154,-160.2210855299996,2.74909125,5747.3,21,2026-08-10
BEAT-USDT-SWAP,short,2026-08-10 22:05:58,2026-08-10 22:06:05,2.3618,2.3475,2.3618,119.03472,3666.78849,3.2462935979162513,0.0,0.11666666666666667,3,8,2,0,,,-0.0,0.6605131679227716,7.2852,-0.72283345,6.56236655,5.512985244977264,-149.59714262999964,10.646198789999998,116.95,22,2026-08-10
BEAT-USDT-SWAP,short,2026-08-10 22:11:22,2026-08-10 22:12:07,2.2895,2.2816,2.2895,137.37,3673.35085655,3.7396373329014776,0.0,0.75,2,27,1,0,,-3.061224489795933,-0.0,0.4018344616728453,4.9373,-0.8410468699999999,4.09625313,2.98191244813278,-143.03477607999963,6.56236655,5.283333333333333,22,2026-08-10
BEAT-USDT-SWAP,short,2026-08-11 08:47:19,2026-08-11 08:47:39,1.4115,1.3981,1.4114116666666665,152.43246,3678.32152674,4.144076554805607,0.0,0.3333333333333333,8,3,7,0,,,-0.0,0.9705986539142786,14.4021,-0.9966264899999999,13.40547351,8.794369329209802,0.0,4.09625313,635.2,8,2026-08-11
BICO-USDT-SWAP,long,2026-08-11 11:41:40,2026-08-11 11:44:38,0.04661,0.04647,0.00926215981716011,441.730926,3691.72700025,11.965427724479259,151.0,2.966666666666667,19,21,18,10,,,-1.3087320317528461,0.0,8.2581599,-1.7245736000000003,6.5335863000000005,1.4790873618841893,13.40547351,2.9048775699999996,955.0333333333333,11,2026-08-11
BICO-USDT-SWAP,long,2026-08-11 11:52:05,2026-08-11 11:56:34,0.05101,0.04919,0.009851312199719311,1923.311086,3698.2605866500003,52.00582925234577,214.0,4.483333333333333,41,188,40,36,,9.440034327397552,-5.195059792197609,0.019603999215855872,-8.963871109999996,-7.631509929999984,-16.595381039999978,-0.862854748813109,19.93905981,6.5335863000000005,7.45,11,2026-08-11
BICO-USDT-SWAP,long,2026-08-11 11:56:40,2026-08-11 11:58:01,0.04928,0.04925,0.009817,471.216,3681.66520673,12.798991041842367,57.0,1.35,13,69,12,6,-3.3914918643403347,5.7283844668525985,-0.7913961038960915,0.0,8.65692931,-1.4860502700000002,7.170879040000001,1.5217817391599608,3.3436787700000217,-16.595381039999978,0.1,11,2026-08-11
BICO-USDT-SWAP,long,2026-08-11 11:58:11,2026-08-11 12:00:31,0.04912,0.04995,0.009824000000000001,235.776,3688.8360864799997,6.391609561187759,0.0,2.3333333333333335,2,53,1,0,-1.007658202337769,5.385110491310874,0.0,1.7100977198697187,19.94277,-0.7280910599999997,19.21467894,8.14954827463355,10.51455781000002,7.170879040000001,0.16666666666666666,11,2026-08-11
DOS-USDT-SWAP,long,2026-08-11 13:25:49,2026-08-11 13:28:41,0.4906,0.4904,0.9735152631578949,369.9358,3708.05076544,9.976557048460558,81.0,2.8666666666666667,16,9,15,11,,,-1.5695067264573925,0.10191602119853371,15.52399996,-1.4251737,14.09882626,3.8111548706559355,29.729236750000023,8.17100027,963.4,13,2026-08-11
BEAT-USDT-SWAP,short,2026-08-11 15:29:12,2026-08-11 15:33:46,1.0437,1.0523,2.109426106359242,567.22468,3724.11715935,15.231118026882976,259.0,4.566666666666666,9,42,8,7,,,-1.8779342723004522,-0.0,6.795499859999996,-1.778313639999999,5.0171862199999975,0.8845147957948509,43.828063010000015,13.40547351,401.55,15,2026-08-11
BEAT-USDT-SWAP,long,2026-08-11 15:58:14,2026-08-11 15:59:58,1.1396,1.1255,2.2522621481481484,608.11078,3729.13434581,16.30702258510113,80.0,1.7333333333333334,11,45,10,8,,9.188464118041573,-2.0709020709020587,0.0,-1.07700027,-2.3209659900000013,-3.3979662600000013,-0.5587742187369218,48.84524923000002,5.0171862199999975,24.466666666666665,15,2026-08-11
BEAT-USDT-SWAP,long,2026-08-11 16:00:04,2026-08-11 16:00:08,1.1316,1.1436,2.2632000000000003,148.91856,3725.7363798700003,3.9970235361954445,0.0,0.06666666666666667,1,16,0,0,-0.7020007020007046,7.037457434733252,0.0,1.09579356663132,7.955199999999998,-0.4577814600000001,7.497418539999998,5.034576308016944,45.44728297000002,-3.3979662600000013,0.1,16,2026-08-11
BEAT-USDT-SWAP,long,2026-08-11 16:07:55,2026-08-11 16:08:09,1.0988,1.0973,2.1872000000000003,393.696,3733.23379842,10.545709732045774,8.0,0.23333333333333334,8,25,7,6,,-3.580203580203578,-0.9464870768110645,0.0,7.19289975,-1.2189862699999998,5.97391348,1.517392475412501,52.944701510000016,7.497418539999998,7.783333333333333,16,2026-08-11
BEAT-USDT-SWAP,short,2026-08-11 18:46:03,2026-08-11 18:46:46,0.9537,0.9503,1.9074000000000002,223.73802,3740.60361357,5.981334648459754,0.0,0.7166666666666667,5,14,4,0,,,-0.0,0.3774771940861954,4.094,-0.6805586899999999,3.4134413100000005,1.5256420477842794,58.91861499000001,5.97391348,157.9,18,2026-08-11
BEAT-USDT-SWAP,short,2026-08-11 19:45:02,2026-08-11 19:48:49,0.899,0.9107,1.8226669830788291,883.26442,3744.01705491,23.59135674453364,77.0,3.783333333333333,20,47,19,19,,,-2.614015572858719,-0.0,4.13229973,-2.9134810899999986,1.2188186400000012,0.1379902340003689,62.33205630000001,3.4134413100000005,58.266666666666666,19,2026-08-11
BEAT-USDT-SWAP,short,2026-08-11 20:02:36,2026-08-11 20:02:47,0.8846,0.8792,1.7692,212.304,3745.23587387,5.668641632993427,0.0,0.18333333333333332,5,10,4,0,,-1.60177975528365,-0.0,0.6443590323309989,6.604399999999999,-0.64455522,5.959844779999999,2.807222087195719,63.550874940000014,1.2188186400000012,13.783333333333333,20,2026-08-11
BEAT-USDT-SWAP,short,2026-08-11 21:31:13,2026-08-11 21:31:27,0.7516,0.7432,1.5030318956870614,149.85228,3751.8516992799996,3.994088573083991,0.0,0.23333333333333334,6,1,5,0,,,-0.0,1.1176157530601527,8.291,-0.6706043199999999,7.620395680000001,5.085271762298178,69.51071972000001,5.959844779999999,88.43333333333334,21,2026-08-11
BEAT-USDT-SWAP,long,2026-08-11 21:46:22,2026-08-11 21:46:26,0.8291,0.8373,1.6582,82.91,3759.47209496,2.205362825039991,0.0,0.06666666666666667,5,6,4,0,,10.311335816923872,0.0,1.0252080569292055,4.1923,-0.25476204,3.9375379600000002,4.7491713424194915,77.13111540000001,7.620395680000001,14.916666666666666,21,2026-08-11
BEAT-USDT-SWAP,long,2026-08-11 21:55:46,2026-08-11 21:55:52,0.9527,0.9649,1.9055308,95.27654,3763.40963293,2.531654783638913,0.0,0.1,3,8,2,0,,26.756253326237346,0.0,1.2910674923900523,6.1063,-0.43149226999999996,5.67480773,5.956143799932282,81.06865336000001,3.9375379600000002,9.333333333333334,21,2026-08-11
BEAT-USDT-SWAP,short,2026-08-11 22:01:25,2026-08-11 22:01:55,0.8731,0.8734,1.7562056000000001,175.62056,3769.08444067,4.659501870135373,25.0,0.5,10,3,9,4,,17.478471474703984,-1.1567976176841244,0.011453441759246008,4.7028,-0.7881762800000001,3.91462372,2.2290235949594965,86.74346109000003,5.67480773,5.55,22,2026-08-11
BEAT-USDT-SWAP,long,2026-08-11 22:14:18,2026-08-11 22:14:37,0.9723,0.9786,1.9445999999999999,97.23,3772.99906441,2.576995073154207,0.0,0.31666666666666665,3,9,2,0,,17.271740441442553,0.0,0.6993726216188323,3.284,-0.29802931,2.98597069,3.071038455209297,90.65808481000002,3.91462372,12.383333333333333,22,2026-08-11
BEAT-USDT-SWAP,long,2026-08-11 22:18:06,2026-08-11 22:20:53,1.0038,0.9866,1.9679985,393.5997,3775.98503511,10.423762179675425,100.0,2.783333333333333,9,29,8,6,3.239740820734349,5.363703159441591,-3.5664474995019013,0.009962143853359251,5.819099710000001,-1.3486627700000005,4.47043694,1.1357826085741427,93.64405550000002,2.98597069,3.4833333333333334,22,2026-08-11
DOS-USDT-SWAP,short,2026-08-11 23:42:43,2026-08-11 23:43:05,0.4157,0.4141,0.8314,226.1408,3780.81653715,5.981268802068512,0.0,0.36666666666666664,1,8,0,0,,,-0.0,0.43300457060380104,4.716,-1.0155113999999998,3.7004886000000003,1.6363648664902575,98.11449244000002,14.09882626,614.0333333333333,23,2026-08-11
BEAT-USDT-SWAP,short,2026-08-11 23:45:53,2026-08-11 23:45:54,0.904,0.8977,1.808,150.7872,3784.51702575,3.984318183113937,0.0,0.016666666666666666,1,5,0,0,,,-0.0,0.7964601769911539,5.4229,-0.45746065999999996,4.9654393400000005,3.29301117070945,101.81498104,4.47043694,85.0,23,2026-08-11
BEAT-USDT-SWAP,short,2026-08-11 23:47:18,2026-08-11 23:47:41,0.8822,0.8737,1.7644,226.7254,3789.4824651,5.983017525165326,1.0,0.38333333333333336,2,7,1,0,-2.4115044247787654,-2.4115044247787654,-0.0,0.9748356381772738,10.956800000000001,-0.6957920900000001,10.261007910000002,4.525742554649811,106.78042038000001,4.9654393400000005,1.4,23,2026-08-11
BEAT-USDT-SWAP,long,2026-08-11 23:55:30,2026-08-11 23:55:47,0.9802,0.988,1.9606947368421053,227.24452,3799.74347302,5.980522675110702,0.0,0.2833333333333333,8,10,7,0,,8.429203539822993,0.0,0.8161599673536024,8.95439992,-1.02662984,7.92777008,3.48865181875453,117.04142829000001,10.261007910000002,7.816666666666666,23,2026-08-11
DOS-USDT-SWAP,short,2026-08-12 00:14:12,2026-08-12 00:22:37,0.4018,0.4033,0.8094487394957983,385.2976,3807.6712432,10.118982847799447,64.0,8.416666666666666,9,39,8,6,,,-1.4435042309606905,-0.0,7.364999759999999,-1.3278727099999998,6.037127049999999,1.5668737749729038,0.0,3.7004886000000003,31.116666666666667,0,2026-08-12
BEAT-USDT-SWAP,short,2026-08-12 11:13:03,2026-08-12 11:13:11,1.0235,1.0147,2.046222381378693,228.56304,3814.9814185200003,5.991196677667428,1.0,0.13333333333333333,10,3,9,0,,,-0.0,0.8597948216902962,9.39529998,-0.8065287400000001,8.58877124,3.757725326019465,6.037127049999999,7.92777008,677.2666666666667,11,2026-08-12
BEAT-USDT-SWAP,short,2026-08-12 11:20:21,2026-08-12 11:24:05,1.0386,1.043,2.0943011894647414,492.9985,3823.5701897900003,12.893669411808983,152.0,3.7333333333333334,19,39,18,14,,1.4753297508548924,-2.253032928942811,-0.0,10.04059981,-1.5627437099999997,8.4778561,1.719651499953854,14.625898289999999,8.58877124,7.166666666666667,11,2026-08-12
BEAT-USDT-SWAP,long,2026-08-12 13:41:13,2026-08-12 13:41:35,1.1461,1.1359,2.257727072927073,451.99696,3832.48099223,11.793847403715294,11.0,0.36666666666666664,7,56,6,5,,,-3.018933775412269,0.008725242125495747,14.540099780000002,-1.4103938700000003,13.129705910000002,2.904821729331985,23.103754390000002,8.4778561,137.13333333333333,13,2026-08-12
BEAT-USDT-SWAP,long,2026-08-12 13:45:45,2026-08-12 13:45:57,1.1844,1.1908,2.3688000000000002,236.88,3845.61069841,6.159749870103597,0.0,0.2,2,19,1,0,3.3417677340546126,3.3417677340546126,0.0,0.5741303613644222,6.453300000000001,-0.7257314800000002,5.727568520000001,2.4179198412698417,36.233460300000004,13.129705910000002,4.166666666666667,13,2026-08-12
BEAT-USDT-SWAP,long,2026-08-12 13:48:06,2026-08-12 13:48:21,1.1825,1.1903,2.365,236.5,3851.33826695,6.140722616590415,0.0,0.25,3,22,2,0,-0.16041877744004118,3.1759881336707263,0.0,0.7103594080338338,8.067400000000001,-0.7259841300000001,7.3414158700000005,3.104192756871036,41.96102882,5.727568520000001,2.15,13,2026-08-12
BEAT-USDT-SWAP,long,2026-08-12 13:58:41,2026-08-12 14:03:00,1.2076,1.1985,2.389872533333334,716.96176,3858.6796828399997,18.580494338216592,213.0,4.316666666666666,36,28,35,34,,5.366023907163431,-1.7886717456111367,0.0,11.538699799999996,-2.5738132599999997,8.964886539999997,1.250399538742484,49.30244469,7.3414158700000005,10.333333333333334,13,2026-08-12
BEAT-USDT-SWAP,short,2026-08-12 15:37:07,2026-08-12 15:37:34,1.1616,1.1754,2.352313599999999,940.92544,3868.21399,24.32454467184221,20.0,0.45,12,111,11,8,,,-2.083333333333326,-0.0,4.914699999999998,-3.21806014,1.6966398599999981,0.1803160790295986,58.26733123,8.964886539999997,94.11666666666666,15,2026-08-12
BEAT-USDT-SWAP,short,2026-08-12 15:38:11,2026-08-12 15:38:51,1.1704,1.1694,2.3405571999999997,234.05572,3869.91062998,6.04809108992808,0.0,0.6666666666666666,14,17,13,0,0.7575757575757791,0.7575757575757791,-0.0,0.12816131237184392,1.1020000000000003,-0.9733450899999998,0.1286549100000005,0.05496764189313575,59.963971089999994,1.6966398599999981,0.6166666666666667,15,2026-08-12
BEAT-USDT-SWAP,long,2026-08-12 16:08:22,2026-08-12 16:08:30,1.217,1.2259,2.4341396000000004,243.41396,3870.03928491,6.289702560620408,0.0,0.13333333333333333,10,28,9,0,,4.114979895628368,0.0,0.7723911257189631,8.937699719999998,-1.0362051500000002,7.901494569999997,3.2461139739068363,60.092625999999996,0.1286549100000005,29.516666666666666,16,2026-08-12
BEAT-USDT-SWAP,long,2026-08-12 16:13:12,2026-08-12 16:14:47,1.2653,1.2601,2.5161906,503.23812,3877.94077979,12.976941850753368,32.0,1.5833333333333333,12,30,11,9,3.9687756778964633,3.9687756778964633,-1.1538765510155868,0.015806528096096173,4.586899699999999,-1.9473115199999995,2.6395881799999996,0.5245207139713501,67.99412056999999,7.901494569999997,4.7,16,2026-08-12
BEAT-USDT-SWAP,long,2026-08-12 16:24:02,2026-08-12 16:24:16,1.2786,1.2819,2.5573934000000005,255.73934,3880.58036833,6.590234339356227,0.0,0.23333333333333334,6,10,5,0,,5.061626951520126,0.0,0.2815579540122126,3.3181999,-0.8345249099999998,2.4836749900000004,0.9711743957734467,70.63370875,2.6395881799999996,9.25,16,2026-08-12
BEAT-USDT-SWAP,long,2026-08-12 16:33:11,2026-08-12 16:34:55,1.3342,1.2945,2.5809368000000004,1290.4684,3883.06404342,33.23325048389938,71.0,1.7333333333333334,20,26,19,16,,9.630238290879213,-5.179133563183946,0.0,23.677999739999994,-4.392617910000001,19.28538182999999,1.494448204233439,73.11738374,2.4836749900000004,8.916666666666666,16,2026-08-12
BEAT-USDT-SWAP,long,2026-08-12 16:50:46,2026-08-12 16:52:33,1.3352,1.3179,2.6228080333333335,1573.68482,3902.34942555,40.326599399237644,84.0,1.7833333333333334,33,76,32,32,,4.426716721414037,-3.422708208508074,0.0,40.964499569999994,-5.213901969999998,35.75059759999999,2.2717762251783045,92.40276556999999,19.28538182999999,15.85,16,2026-08-12
APR-USDT-SWAP,short,2026-08-12 23:13:46,2026-08-12 23:15:09,0.3924,0.395,0.7897720000000001,157.9544,3941.7384978699997,4.0072267626417615,61.0,1.3833333333333333,5,20,4,4,,,-1.2742099898062964,-0.0,-0.10200000000000001,-0.7108406999999998,-0.8128406999999997,-0.5146046580532101,128.15336316999998,,,23,2026-08-12
APR-USDT-SWAP,short,2026-08-12 23:15:52,2026-08-12 23:16:16,0.386,0.3827,0.7719999999999999,77.2,3940.92565717,1.958930634977716,0.0,0.4,3,4,2,0,-1.6309887869520923,-1.6309887869520923,-0.0,0.932642487046631,3.308,-0.266434,3.041566,3.9398523316062173,127.34052246999998,-0.8128406999999997,0.7166666666666667,23,2026-08-12
APR-USDT-SWAP,short,2026-08-13 08:07:05,2026-08-13 08:08:35,0.5918,0.585,1.1836,196.4776,3944.1248247500002,4.981525908284452,0.0,1.5,1,4,0,0,,,-0.0,1.182832037850623,11.52,-0.59407268,10.92592732,5.56090227079321,0.0,3.041566,530.8166666666667,8,2026-08-13
APR-USDT-SWAP,short,2026-08-13 08:55:31,2026-08-13 08:56:21,0.4761,0.4789,0.9597696606786428,480.8446,3955.05075207,12.157735264164055,40.0,0.8333333333333334,4,22,3,2,,,-1.6173072883847839,0.04200798151648977,5.7379999,-1.8104635999999994,3.9275363000000008,0.8167995023756117,10.92592732,10.92592732,46.93333333333333,8,2026-08-13
APR-USDT-SWAP,long,2026-08-13 09:01:22,2026-08-13 09:01:45,0.4694,0.4777,0.9388696,234.7174,3958.97828847,5.928736731989245,0.0,0.38333333333333336,6,3,5,0,,-1.4072673808023572,0.0,1.8534299105240848,21.25799997,-1.0657944000000001,20.19220557,8.60277319448835,14.85346362,3.9275363000000008,5.016666666666667,9,2026-08-13
BEAT-USDT-SWAP,short,2026-08-13 09:18:04,2026-08-13 09:21:13,0.8904,0.8908,1.7906773606370878,472.20162,3979.1704940699997,11.866835580523714,45.0,3.15,10,11,9,6,,,-1.134321653189585,-0.0,12.107499950000001,-1.54730852,10.560191430000001,2.2363734012602503,35.04566919,35.75059759999999,985.5166666666667,9,2026-08-13
BEAT-USDT-SWAP,long,2026-08-13 11:06:10,2026-08-13 11:08:12,0.9363,0.934,1.8624157129000969,384.03012,3990.12385432,9.624516281223224,86.0,2.033333333333333,8,23,7,4,,,-1.12143543735983,0.0,6.08089991,-1.18342516,4.897474750000001,1.275284019388896,45.60586062,10.560191430000001,104.95,11,2026-08-13
APR-USDT-SWAP,short,2026-08-13 11:32:04,2026-08-13 11:33:00,0.4455,0.4456,0.8974491620111731,160.6434,3995.02132918,4.021089920763275,18.0,0.9333333333333333,9,4,8,3,,,-1.503928170594837,0.04489337822671802,5.63999999,-0.7203573,4.91964269,3.062461756910025,50.50333537,20.19220557,150.31666666666666,11,2026-08-13
APR-USDT-SWAP,short,2026-08-13 12:06:18,2026-08-13 12:06:19,0.4067,0.4035,0.8134,198.4696,4000.38932998,4.961257108467296,0.0,0.016666666666666666,2,9,1,0,,,-0.0,0.9343496434718546,8.024,-0.8895024,7.1344975999999996,3.594755871932023,55.422978060000005,4.91964269,33.3,12,2026-08-13
APR-USDT-SWAP,long,2026-08-13 12:09:10,2026-08-13 12:09:11,0.4532,0.4551,0.9064,181.28,4007.52382758,4.523491507459569,0.0,0.016666666666666666,1,3,0,0,11.433489058273905,11.433489058273905,0.0,0.6619593998234752,4.394,-0.5548813,3.8391187,2.117783925419241,62.557475659999994,7.1344975999999996,2.85,12,2026-08-13
APR-USDT-SWAP,long,2026-08-13 12:14:14,2026-08-13 12:14:34,0.482,0.4807,0.964173,192.8346,4011.36294628,4.807208985634874,0.0,0.3333333333333333,4,17,3,0,,18.51487582985001,-0.26970954356845267,0.020746887966804906,-2.5440001700000003,-0.8666109000000004,-3.4106110700000007,-1.7686717373334457,66.39659436,3.8391187,5.05,12,2026-08-13
APR-USDT-SWAP,long,2026-08-13 12:16:05,2026-08-13 12:17:31,0.4887,0.4823,0.9601927499999999,768.1542,4007.95233538,19.165751878313444,62.0,1.4333333333333333,16,14,15,10,1.3900414937759509,20.162281780181956,-2.7624309392265234,0.0,19.07299986,-2.9063812100000006,16.16661865,2.104605904647791,62.98598328999999,-3.4106110700000007,1.5166666666666666,12,2026-08-13
APR-USDT-SWAP,short,2026-08-13 13:16:08,2026-08-13 13:18:00,0.4385,0.4436,0.8912362204724407,792.309,4024.44912583,19.687390130359635,55.0,1.8666666666666667,29,22,28,20,,,-3.0786773090079933,0.04561003420752163,20.06599991,-3.4057771400000005,16.660222769999997,2.102743092657031,79.15260194000001,16.16661865,58.61666666666667,13,2026-08-13
APR-USDT-SWAP,long,2026-08-13 15:08:06,2026-08-13 15:08:45,0.4731,0.4739,0.9462,201.5406,4042.5035693100003,4.9855391972950125,0.0,0.65,1,6,0,0,,,0.0,0.19023462270131297,1.816,-0.61551603,1.20048397,0.5956536648198923,95.81282471,16.660222769999997,110.1,15,2026-08-13
APR-USDT-SWAP,long,2026-08-13 15:39:08,2026-08-13 15:39:21,0.4847,0.4856,0.9693999999999999,193.88,4043.70405328,4.794613983749297,0.0,0.21666666666666667,2,12,1,0,,,0.0,0.206313183412421,1.874,-0.5921773,1.2818227000000002,0.6611423045182588,97.01330868,1.20048397,30.383333333333333,15,2026-08-13
SNDK-USDT-SWAP,long,2026-08-13 21:36:49,2026-08-13 21:37:43,1362.01,1368.96,136.201,68.1005,4045.18925586,1.6834935448656023,0.0,0.9,1,2,0,0,,,0.0,0.5102752549540845,3.4749999999999996,-0.6144682499999999,2.86053175,4.2004563108934585,98.29513137999999,10.6239429,4321.183333333333,21,2026-08-13
SNDK-USDT-SWAP,long,2026-08-13 23:32:31,2026-08-13 23:43:24,1547.04,1531.43,152.45995913461542,634.23343,4048.0497876,15.66762918635008,486.0,10.883333333333333,41,1,40,27,,,-2.1802926879718743,0.017452683834928706,28.41449999,-4.85511923,23.55938076,3.71462298352832,101.15566313000001,2.86053175,114.8,23,2026-08-13
APR-USDT-SWAP,short,2026-08-14 08:31:02,2026-08-14 08:31:50,0.457,0.4524,0.914,243.124,4071.60916837,5.97120180121145,0.0,0.8,4,6,3,0,,,-0.0,1.0284463894967288,12.37,-0.8287327,11.5412673,4.747070342705779,0.0,1.2818227000000002,1011.6833333333333,8,2026-08-14
APR-USDT-SWAP,short,2026-08-14 08:40:06,2026-08-14 08:43:46,0.4557,0.4573,0.9161411538461539,476.3934,4083.15043567,11.667299735965496,41.0,3.6666666666666665,16,19,15,7,,-0.2844638949671796,-1.0752688172043001,0.021944261575590485,4.30999987,-2.1418307999999997,2.1681690700000007,0.4551215591987632,11.5412673,11.5412673,8.266666666666667,8,2026-08-14
EDEN-USDT-SWAP,long,2026-08-14 09:29:28,2026-08-14 09:33:15,0.08602,0.08525,0.01696505622337697,760.696156,4086.30569763,18.61574273410805,165.0,3.783333333333333,15,21,14,12,,,-2.208788653801441,0.0,19.85173989,-2.3637378700000005,17.48800202,2.2989470739484057,13.709436370000002,,,9,2026-08-14
EDEN-USDT-SWAP,short,2026-08-14 09:46:03,2026-08-14 09:46:07,0.08062,0.07997,0.016124,193.488,4103.7936998000005,4.714856889843895,0.0,0.06666666666666667,3,4,2,0,,-6.277609858172517,-0.0,0.8930786405358493,8.27103,-0.5864164399999999,7.68461356,3.9716228189861904,31.19743839,17.48800202,12.8,9,2026-08-14
EDEN-USDT-SWAP,short,2026-08-14 09:50:06,2026-08-14 09:50:38,0.08003,0.07941,0.016006000000000003,192.072,4111.47831337,4.671604356404034,0.0,0.5333333333333333,8,3,7,0,-0.7318283304390882,-6.963496861195062,-0.0,0.7872047982006802,7.477790000000001,-0.6083555,6.8694345000000006,3.5764892852680243,38.882051950000005,7.68461356,3.9833333333333334,9,2026-08-14
EDEN-USDT-SWAP,short,2026-08-14 09:59:17,2026-08-14 10:05:34,0.07804,0.07992,0.01598984821428572,1343.14725,4118.34774786,32.61374056374754,244.0,6.283333333333333,50,90,49,49,,-9.27691234596606,-3.5110199897488537,-0.0,6.438479660000002,-5.197200050000001,1.2412796100000012,0.09241575039520063,45.75148645,6.8694345000000006,8.65,9,2026-08-14
EDEN-USDT-SWAP,short,2026-08-14 10:34:52,2026-08-14 10:36:02,0.07559,0.07566,0.015208999999999999,365.016,4120.0576677,8.85948764410786,57.0,1.1666666666666667,6,28,5,3,,-5.311286483778021,-1.2038629448339666,-0.0,9.545750000000002,-1.27847527,8.267274730000002,2.2649074917263907,46.99276606,1.2412796100000012,29.3,10,2026-08-14
EDEN-USDT-SWAP,short,2026-08-14 10:40:13,2026-08-14 10:45:16,0.07581,0.07687,0.015415065066666669,924.903904,4128.324942470001,22.403854272348646,205.0,5.05,38,60,37,35,-0.9019607843137156,0.2910437888609563,-2.7700831024930705,-0.0,14.990959709999997,-3.385070789999999,11.605888919999998,1.254821054361124,55.260040790000005,8.267274730000002,4.183333333333334,10,2026-08-14
EDEN-USDT-SWAP,short,2026-08-14 11:10:21,2026-08-14 11:11:13,0.07912,0.07898,0.015824,189.888,4140.55378545,4.5860532150861255,0.0,0.8666666666666667,12,1,11,0,,3.28981723237598,-0.0,0.17694641051567706,1.68,-0.6498524999999999,1.0301475,0.542502685793731,66.86592971,11.605888919999998,25.083333333333332,11,2026-08-14
EDEN-USDT-SWAP,long,2026-08-14 11:19:25,2026-08-14 11:23:00,0.08168,0.08148,0.016229993749999998,389.51985,4141.58393294,9.405093710692718,42.0,3.5833333333333335,13,10,12,4,,3.2355915065723106,-1.3222331047992086,0.024485798237017242,9.53735993,-1.1933222600000002,8.344037669999999,2.1421341351409944,67.89607720999999,1.0301475,8.2,11,2026-08-14
APR-USDT-SWAP,long,2026-08-14 11:44:04,2026-08-14 11:44:38,0.514,0.5156,1.028,206.628,4151.5112069,4.9771755320466164,1.0,0.5666666666666667,4,1,3,0,,,0.0,0.3112840466925837,3.216,-0.7613448,2.4546552000000004,1.187958650328126,76.24011488,2.1681690700000007,180.3,11,2026-08-14
APR-USDT-SWAP,long,2026-08-14 12:13:24,2026-08-14 12:13:29,0.5266,0.5279,1.0532000000000001,12.6384,4153.9658621,0.30424900973092667,0.0,0.08333333333333333,1,1,0,0,,2.4513618677042714,0.0,0.24686669198634714,0.156,-0.03861732,0.11738268,0.9287780098746676,78.69477008,2.4546552000000004,28.766666666666666,12,2026-08-14
APR-USDT-SWAP,short,2026-08-14 12:30:30,2026-08-14 12:30:33,0.502,0.4995,1.004,200.8,4154.08324478,4.833798173214855,0.0,0.05,2,5,1,0,,,-0.0,0.5577689243027928,5.404999999999999,-0.6100077500000001,4.794992249999999,2.387944347609561,78.81215276,0.11738268,17.016666666666666,12,2026-08-14
APR-USDT-SWAP,short,2026-08-14 12:34:14,2026-08-14 12:34:26,0.486,0.4852,0.972,194.4,4158.8782370300005,4.674337379466724,0.0,0.2,1,8,0,0,-3.1872509960159445,-7.709836688188377,-0.0,0.18518518518518823,1.6920000000000002,-0.8740386,0.8179614000000002,0.42076203703703713,83.60714501,4.794992249999999,3.683333333333333,12,2026-08-14
APR-USDT-SWAP,short,2026-08-14 12:43:55,2026-08-14 12:45:01,0.4823,0.4772,0.9645170000000001,192.9034,4159.69619843,4.637439630153948,0.0,1.1,9,7,8,0,,-3.9243027888446247,-0.0,1.1818370308936288,10.835,-0.86318955,9.971810450000001,5.169328508465896,84.42510641,0.8179614000000002,9.483333333333333,12,2026-08-14
2Z-USDT-SWAP,long,2026-08-14 14:47:04,2026-08-14 15:00:21,0.05965,0.05795,0.11592064080158454,994.94686,4170.51347105,23.856699346651546,634.0,13.283333333333333,31,70,30,25,,,-4.962279966471083,0.0,3.8722996800000007,-3.3039419299999984,0.5683577500000023,0.057124432756137586,94.39691685999999,,,14,2026-08-14
APR-USDT-SWAP,short,2026-08-14 20:59:32,2026-08-14 20:59:38,0.4953,0.4926,0.9906,198.12,4171.631635889999,4.749220863498701,0.0,0.1,4,10,3,0,,,-0.0,0.5855037351100378,5.652,-0.6318863699999999,5.02011363,2.5338752422774076,94.96527461000001,9.971810450000001,494.51666666666665,20,2026-08-14
BEAT-USDT-SWAP,long,2026-08-14 21:08:25,2026-08-14 21:13:05,0.6749,0.674,1.342399805258033,137.86446,4176.65174952,3.3008368489387228,133.0,4.666666666666667,13,13,12,3,,,-1.1260927544821553,0.0,2.9089999399999997,-0.5210698900000001,2.3879300499999996,1.73208530320287,99.98538824,4.897474750000001,2040.2166666666667,21,2026-08-14
SNDK-USDT-SWAP,long,2026-08-14 21:31:05,2026-08-14 21:35:31,1621.49,1590.7,158.71204222222224,714.20419,4179.03967967,17.090150961581625,199.0,4.433333333333334,17,1,16,16,,,-3.1150361704358365,0.0,16.10809999,-5.51091145,10.59718854,1.4837757448608637,102.37331829,23.55938076,1307.6833333333334,21,2026-08-14
APR-USDT-SWAP,short,2026-08-15 11:36:55,2026-08-15 11:37:05,0.4413,0.4363,0.8824634920634922,166.7856,4190.93812506,3.9796722123548935,0.0,0.16666666666666666,5,3,4,0,,,-0.0,1.1556764106050443,9.35199998,-0.7463268000000001,8.60567318,5.159721930430446,0.0,5.02011363,877.2833333333333,11,2026-08-15
APR-USDT-SWAP,short,2026-08-15 11:40:14,2026-08-15 11:40:17,0.3522,0.3484,0.7042263157894737,133.803,4199.54379826,3.1861317902063244,0.0,0.05,4,5,3,0,-20.19034670292318,-20.19034670292318,-0.0,1.1357183418512218,7.123999980000001,-0.5989077,6.525092280000001,4.876641241227776,8.60567318,8.60567318,3.15,11,2026-08-15
APR-USDT-SWAP,short,2026-08-15 11:45:37,2026-08-15 11:45:40,0.3322,0.3307,0.664072,199.2216,4206.06889056,4.736527270086521,0.0,0.05,9,6,8,0,,-24.722411058237036,-0.0,0.541842263696557,4.396999999999999,-0.89451855,3.5024814499999994,1.7580831847550664,15.130765460000001,6.525092280000001,5.333333333333333,11,2026-08-15
APR-USDT-SWAP,short,2026-08-15 11:47:28,2026-08-15 11:47:31,0.2912,0.2877,0.5824,174.72,4209.57137201,4.150541339237921,0.0,0.05,1,3,0,0,-12.341962673088492,-34.013142986630406,-0.0,1.2706043956044133,10.677,-0.52809135,10.14890865,5.808670243818681,18.63324691,3.5024814499999994,1.8,11,2026-08-15
APR-USDT-SWAP,short,2026-08-15 11:51:06,2026-08-15 11:51:06,0.2904,0.2901,0.5808,174.24,4219.72028066,4.129183652257335,0.0,0.0,1,6,0,0,-0.27472527472528485,-34.194425560842966,-0.0,0.13774104683196287,0.924,-0.5310161999999999,0.3929838000000001,0.22554166666666672,28.78215556,10.14890865,3.5833333333333335,11,2026-08-15
APR-USDT-SWAP,short,2026-08-15 11:51:22,2026-08-15 11:52:04,0.283,0.2921,0.5822891111111111,1048.1204,4220.11326446,24.83630969876625,31.0,0.7,29,27,28,26,-2.815934065934078,-35.8712893723091,-4.805653710247348,-0.0,-12.961000119999998,-3.7471709499999992,-16.70817107,-1.5941079927458714,29.17513936,0.3929838000000001,0.26666666666666666,11,2026-08-15
APR-USDT-SWAP,short,2026-08-15 11:52:10,2026-08-15 11:52:21,0.2928,0.286,0.58538,175.614,4203.4050935099995,4.177898539237764,0.0,0.18333333333333332,5,1,4,0,0.5494505494505475,-33.65057783820531,-0.0,2.3224043715847076,20.07,-0.7812315,19.2887685,10.983616625098227,12.46696829,-16.70817107,0.1,11,2026-08-15
APR-USDT-SWAP,short,2026-08-15 11:54:03,2026-08-15 11:55:05,0.2759,0.2775,0.5609673333333334,841.451,4222.69386201,19.92687671654866,51.0,1.0333333333333334,19,12,18,11,-4.993112947658407,-37.4801722184455,-3.0445813700616275,0.03624501631025456,47.05199997,-2.8591852700000002,44.1928147,5.251977203663671,31.75573679,19.2887685,1.7,11,2026-08-15
APR-USDT-SWAP,short,2026-08-15 12:03:07,2026-08-15 12:04:01,0.2664,0.2713,0.5452977999999999,545.2978,4266.8866767399995,12.779758201045551,37.0,0.9,15,19,14,14,,-39.63290278721958,-3.791291291291299,-0.0,14.952,-1.9587746099999996,12.993225390000001,2.382776051911451,75.94855149,44.1928147,8.033333333333333,12,2026-08-15
APR-USDT-SWAP,long,2026-08-15 14:13:13,2026-08-15 14:13:17,0.2648,0.2675,0.5297054187192118,215.0604,4282.19597089,5.022198924616297,0.0,0.06666666666666667,8,4,7,0,,,0.0,1.0574018126888296,10.776999969999999,-0.9726214499999999,9.804378519999998,4.558895324290292,88.94177687999999,12.993225390000001,129.2,14,2026-08-15
APR-USDT-SWAP,long,2026-08-15 14:16:14,2026-08-15 14:16:20,0.277,0.2785,0.5541353333333334,166.2406,4292.00034944,3.873266227056349,0.0,0.1,6,14,5,0,4.607250755287029,4.607250755287029,0.0,0.6137184115523331,4.42899993,-0.75007575,3.6789241799999997,2.213011851497167,98.7461554,9.804378519999998,2.95,14,2026-08-15
APR-USDT-SWAP,long,2026-08-15 14:27:39,2026-08-15 14:38:33,0.3156,0.2462,0.5380097894736839,4088.8744,4295.67927369,95.18574687461819,640.0,10.9,197,83,196,193,,19.184290030211493,-21.989860583016473,0.0,-1706.5980004099988,-15.154640700000005,-1721.7526411099989,-42.10823010630991,102.4250795800001,3.6789241799999997,11.316666666666666,14,2026-08-15
APR-USDT-SWAP,short,2026-08-15 14:38:47,2026-08-15 14:41:54,0.2466,0.2426,0.12318675555555557,554.3404,2573.9266329899997,21.536759940824382,0.0,3.1166666666666667,29,1,28,0,-3.6342321219226315,-6.873111782477325,-0.0,1.6220600162206056,5.24,-4.123527060000001,1.1164729399999995,0.2014056597715049,-1619.3275615299988,-1721.7526411099989,0.23333333333333334,14,2026-08-15
BEAT-USDT-SWAP,long,2026-08-15 16:38:23,2026-08-15 16:38:35,0.517,0.5222,0.5170998499999998,103.41997,4209.80687189,2.4566440491739097,0.0,0.2,11,6,10,0,,,0.0,1.0251450676982632,10.346099940000002,-0.7577340800000001,9.588365860000001,9.271290506079243,-1618.2110885899988,2.3879300499999996,1165.3,16,2026-08-15
BEAT-USDT-SWAP,short,2026-08-15 17:20:57,2026-08-15 17:25:50,0.484,0.484,0.9717282999999998,388.69132,4224.38834811,9.201126600349168,37.0,4.883333333333334,10,12,9,8,,,-0.7851239669421473,0.04132231404958553,7.8508,-1.46499848,6.385801519999999,1.642897896459329,-1608.622722729999,9.588365860000001,42.36666666666667,17,2026-08-15
APR-USDT-SWAP,long,2026-08-15 21:39:35,2026-08-15 21:52:17,0.2029,0.2013,0.40166666666666667,626.6,4231.17494156,14.809125329357753,329.0,12.7,23,18,22,17,,,-1.7742730409068486,0.0,7.45199987,-2.75509161,4.69690826,0.749586380466007,-1602.2369212099989,1.1164729399999995,417.68333333333334,21,2026-08-15
BEAT-USDT-SWAP,long,2026-08-16 07:52:47,2026-08-16 07:56:35,0.3728,0.3761,0.7456,211.30304,4236.36247726,4.987841364714071,0.0,3.8,4,11,3,0,,,0.0,0.9120171673819621,9.554200000000002,-0.70445134,8.849748660000001,4.1881785799201,0.0,6.385801519999999,866.95,7,2026-08-16
BEAT-USDT-SWAP,long,2026-08-16 15:37:52,2026-08-16 15:38:58,0.4248,0.4232,0.8443927097937113,421.60528,4245.34053557,9.931012046443366,53.0,1.1,6,21,5,1,,,-1.2241054613936098,0.0,5.33759989,-1.2908850900000002,4.0467148,0.9598349432435951,8.849748660000001,8.849748660000001,461.28333333333336,15,2026-08-16
APR-USDT-SWAP,short,2026-08-16 16:18:41,2026-08-16 16:19:15,0.1782,0.1765,0.35640000000000005,211.7016,4249.38725051,4.981932394478573,1.0,0.5666666666666667,11,5,10,0,,,-0.0,1.0662177328843891,10.434000000000001,-0.6911222399999999,9.74287776,4.602174834767427,12.896463460000001,4.69690826,1106.4,16,2026-08-16
APR-USDT-SWAP,short,2026-08-16 16:22:21,2026-08-16 16:23:42,0.1795,0.179,0.359,215.4,4259.13012827,5.057370719205815,0.0,1.35,7,4,6,0,0.729517396184054,0.729517396184054,-0.0,0.278551532033422,3.0,-0.9346348,2.0653652,0.9588510677808727,22.639341220000002,9.74287776,3.1,16,2026-08-16
APR-USDT-SWAP,short,2026-08-16 16:29:08,2026-08-16 16:34:40,0.1755,0.1776,0.3559059701492538,763.0624,4261.19549347,17.90723756207249,160.0,5.533333333333333,19,25,18,15,,-1.515151515151525,-2.4501424501424562,-0.0,7.054999929999998,-2.4958948699999994,4.5591050599999985,0.5974747360111045,24.70470642,2.0653652,5.433333333333334,16,2026-08-16
BEAT-USDT-SWAP,short,2026-08-16 17:27:07,2026-08-16 17:29:29,0.4231,0.421,0.8462000000000001,211.55,4265.99271293,4.958986436118446,2.0,2.3666666666666667,10,2,9,0,,,-0.0,0.5199716379106545,5.2695,-0.64285624,4.62664376,2.187021394469393,29.26381148,4.0467148,108.15,17,2026-08-16
BEAT-USDT-SWAP,short,2026-08-16 17:47:43,2026-08-16 17:53:04,0.4077,0.4148,0.8315,1247.25,4270.61935671,29.205365681685493,186.0,5.35,36,48,35,30,,-3.6398014653746036,-3.3848417954378096,-0.0,17.734100000000005,-4.446190049999999,13.287909950000007,1.0653766245740635,33.89045524,4.62664376,18.233333333333334,17,2026-08-16
BEAT-USDT-SWAP,long,2026-08-16 19:36:07,2026-08-16 19:42:07,0.4605,0.4583,0.9126495334493121,577.0683,4285.6090514,13.465257635002578,40.0,6.0,18,22,17,10,,,-1.5635179153094536,0.0,13.197799879999998,-1.99808658,11.199713299999997,1.9407951017236604,47.17836519000001,13.287909950000007,103.05,19,2026-08-16
H-USDT-SWAP,short,2026-08-16 22:06:03,2026-08-16 22:06:08,0.10346,0.10306,2.06805444015444,214.25044,4297.17288784,4.985846406279788,0.0,0.08333333333333333,10,14,9,0,,,-0.0,0.4349507055866897,3.71079993,-0.6661954499999999,3.04460448,1.421049347669951,58.37807849000001,,,22,2026-08-16
H-USDT-SWAP,short,2026-08-16 22:06:56,2026-08-16 22:07:01,0.10353,0.10253,2.0706,207.06,4300.2174924,4.815105290975351,1.0,0.08333333333333333,7,10,6,0,0.06765899864682456,0.06765899864682456,-0.0,1.0141987829614507,10.3936,-0.6727921600000001,9.720807839999999,4.694681657490582,61.422682970000004,3.04460448,0.8,22,2026-08-16
H-USDT-SWAP,short,2026-08-16 22:11:48,2026-08-16 22:12:38,0.10355,0.10315,2.0703816,207.03816,4309.93830026,4.803738373412685,0.0,0.8333333333333334,17,16,16,0,0.01931807205641789,0.08699014111734904,-0.0,0.47320135200387137,3.842900000000001,-0.9299424700000003,2.912957530000001,1.4069664886898148,71.14349081,9.720807839999999,4.783333333333333,22,2026-08-16
H-USDT-SWAP,long,2026-08-16 22:30:31,2026-08-16 22:30:37,0.10862,0.10944,2.1724,108.62,4312.85125784,2.5185195015141804,0.0,0.1,5,13,4,0,,4.98743475739416,0.0,0.8193702817160808,4.2346,-0.3533564699999999,3.8812435300000003,3.5732310163874055,74.05644834,2.912957530000001,17.883333333333333,22,2026-08-16
H-USDT-SWAP,long,2026-08-16 22:33:43,2026-08-16 22:33:59,0.11672,0.11795,2.3344,233.44,4316.7325014,5.407793972044617,1.0,0.26666666666666666,14,18,13,0,7.457190204382269,12.816547457954774,0.0,1.0966415352981373,12.4333,-0.7351884100000001,11.69811159,5.011185568026045,77.93769187000001,3.8812435300000003,3.1,22,2026-08-16
H-USDT-SWAP,long,2026-08-16 22:37:03,2026-08-16 22:38:05,0.1155,0.1147,2.285745812500001,731.43866,4328.43061304,16.89847257332575,50.0,1.0333333333333334,32,20,31,16,-1.0452364633310451,11.540318686624818,-1.7316017316017285,0.06926406926406337,14.510299899999998,-2.5999463400000002,11.910353559999997,1.6283461910531223,89.63580346,11.69811159,3.066666666666667,22,2026-08-16
H-USDT-SWAP,long,2026-08-16 22:46:04,2026-08-16 22:48:37,0.12564,0.1239,2.4717007743658215,925.65194,4340.34096675,21.326710207588093,81.0,2.55,19,64,18,16,,15.669305836862456,-3.02451448583253,0.015918497293854195,14.06279962,-2.9299721100000014,11.132827509999998,1.202701256154662,101.54615702000001,11.910353559999997,7.983333333333333,22,2026-08-16
H-USDT-SWAP,short,2026-08-16 22:53:34,2026-08-16 22:53:41,0.11937,0.11864,2.3873999999999995,5.25228,4351.473794699999,0.12070117499954067,0.0,0.11666666666666667,1,1,0,0,-3.772672309552594,9.896888234211021,-0.0,0.6115439390131594,0.1606,-0.01594718,0.14465282,2.7540957450859436,112.67898453,11.132827509999998,4.95,22,2026-08-16
H-USDT-SWAP,short,2026-08-17 13:22:26,2026-08-17 13:22:40,0.11924,0.11828,2.3839063736263744,216.93548,4353.38356501,4.983146482740527,0.0,0.23333333333333334,24,4,23,0,,,-0.0,0.8218718550821791,8.34639997,-0.9724537900000001,7.37394618,3.3991425376798667,0.0,0.14465282,868.75,13,2026-08-17
H-USDT-SWAP,short,2026-08-17 13:24:30,2026-08-17 13:24:37,0.11656,0.11574,2.329968666666668,209.69718,4360.75751123,4.808732874047211,0.0,0.11666666666666667,19,6,18,0,-2.2475679302247586,-2.2475679302247586,-0.0,0.763555250514758,7.163999969999999,-0.94041356,6.223586409999999,2.9678922768536986,7.373946180000001,7.37394618,1.8333333333333333,13,2026-08-17
H-USDT-SWAP,short,2026-08-17 13:26:29,2026-08-17 13:27:33,0.11142,0.11092,2.2275208888888893,200.47688,4366.98109772,4.59074302164186,0.0,1.0666666666666667,17,12,16,0,-6.558201945655817,-6.558201945655817,-0.0,0.511577813677977,4.201099950000001,-0.9002554899999998,3.300844460000001,1.6464963241646622,13.59753259,6.223586409999999,1.8666666666666667,13,2026-08-17
H-USDT-SWAP,short,2026-08-17 13:33:19,2026-08-17 13:34:03,0.10651,0.1071,2.1543473333333334,581.67378,4370.2819422600005,13.309754100194265,18.0,0.7333333333333333,33,64,32,23,,-10.675947668567598,-1.8589803774293534,0.046943948924982326,18.628699779999998,-2.609149250000001,16.019550529999997,2.754043775189591,16.89837705,3.300844460000001,5.766666666666667,13,2026-08-17
H-USDT-SWAP,long,2026-08-17 13:51:46,2026-08-17 13:52:11,0.11375,0.11478,2.2765956,227.65956,4386.30149316,5.190239666721779,0.0,0.4166666666666667,20,7,19,0,,-4.604159677960407,0.0,0.9582417582417513,9.78689993,-1.02887215,8.75802778,3.8469844095279813,32.91792758,16.019550529999997,17.716666666666665,13,2026-08-17
H-USDT-SWAP,long,2026-08-17 13:55:08,2026-08-17 13:57:36,0.11932,0.11872,2.3651636000000007,709.54908,4395.05952104,16.144242793601574,49.0,2.466666666666667,49,27,48,38,4.896703296703286,7.090288996589478,-1.64264163593697,0.03352329869259485,16.16859973,-3.200246779999999,12.968352950000002,1.8276893474373896,41.675955359999996,8.75802778,2.95,13,2026-08-17
H-USDT-SWAP,short,2026-08-17 14:13:18,2026-08-17 14:17:18,0.11414,0.11706,2.340438911111112,2106.39502,4408.02787431,47.78542876908916,216.0,4.0,164,175,163,147,,0.34285714285713365,-3.881198528123342,0.04380585246189783,15.329098999999987,-9.471879770000005,5.857219229999982,0.2780684142521369,54.64430831,12.968352950000002,15.7,14,2026-08-17
H-USDT-SWAP,short,2026-08-17 14:33:43,2026-08-17 14:35:13,0.10825,0.10731,2.164377777777778,220.11722,4413.88509481,4.986926829128866,0.0,1.5,12,12,11,0,,-5.160329420010523,-0.0,1.0254041570438743,10.24139993,-0.9859188799999999,9.25548105,4.204796448910267,60.501527539999984,5.857219229999982,16.416666666666668,14,2026-08-17
H-USDT-SWAP,long,2026-08-17 14:43:10,2026-08-17 14:43:36,0.10987,0.11038,2.1979930000000008,219.7993,4424.86224714,4.967370456381253,0.0,0.43333333333333335,16,5,15,0,,-3.7410198002453265,0.0,0.4914899426595065,4.89229995,-0.99129839,3.90100156,1.7748016303964573,69.75700858999998,9.25548105,7.95,14,2026-08-17
H-USDT-SWAP,short,2026-08-17 14:47:42,2026-08-17 14:48:31,0.10544,0.10489,2.1076331999999995,210.76332,4428.76324876,4.75896561097528,0.0,0.8166666666666667,17,17,16,0,-4.032037862928906,-2.595842956120087,-0.0,0.588012139605476,5.066,-0.94615529,4.11984471,1.954725665737283,73.65801014999998,3.90100156,4.1,14,2026-08-17
H-USDT-SWAP,short,2026-08-17 15:49:14,2026-08-17 15:49:54,0.10322,0.10247,2.0637294,206.37294,4432.88309352,4.655501524542267,0.0,0.6666666666666666,11,4,10,0,,,-0.0,0.7459794613447035,7.3269,-0.92538114,6.40151886,3.101917751426132,77.77785485999999,4.11984471,60.71666666666667,15,2026-08-17
H-USDT-SWAP,long,2026-08-17 15:54:06,2026-08-17 15:58:36,0.11048,0.10784,2.1632258222222216,1946.90324,4441.4971335499995,43.83439145538476,192.0,4.5,204,233,203,170,7.033520635535728,7.033520635535728,-3.5028964518464822,0.09956553222303377,-7.7210018,-8.757590510000002,-16.478592310000003,-0.8464001688137311,84.17937371999997,6.40151886,4.2,15,2026-08-17
H-USDT-SWAP,long,2026-08-17 15:58:43,2026-08-17 15:59:05,0.10806,0.10781,2.1495072000000017,429.90144,4425.01854342,9.715246066917915,18.0,0.36666666666666664,44,54,43,26,-2.1904417089065764,4.689013757023819,-1.1845271145659808,0.08328706274292053,8.188199460000002,-1.9382413099999998,6.249958150000002,1.453811866738572,67.70078140999999,-16.478592310000003,0.11666666666666667,15,2026-08-17
H-USDT-SWAP,long,2026-08-17 15:59:12,2026-08-17 16:05:51,0.10769,0.10882,2.1553302000000003,215.53302,4431.26850226,4.86391244155202,0.0,6.65,30,27,29,0,-1.7606276226965867,4.330556093780258,0.0,1.142167332157129,10.933999729999996,-0.9748189600000002,9.959180769999996,4.62072158131501,73.95073955999999,6.249958150000002,0.11666666666666667,15,2026-08-17
BEAT-USDT-SWAP,short,2026-08-17 16:39:11,2026-08-17 16:40:46,0.3032,0.2998,0.6062598220396986,88.57456,4441.17370836,1.9943953066566291,0.0,1.5833333333333333,3,6,2,0,,,-0.0,1.121372031662271,4.86499998,-0.39639627,4.46860371,5.045019371250616,83.90992032999998,11.199713299999997,1257.0666666666666,16,2026-08-17
SNDK-USDT-SWAP,short,2026-08-17 22:40:39,2026-08-17 23:16:10,1785.08,1809.01,181.2872156666667,435.534887,4447.9700821199995,9.791767457042216,1465.0,35.516666666666666,36,4,35,35,,,-2.186456629394762,-0.0,13.839469999999999,-4.8885270499999995,8.950942949999998,2.0551609566009343,88.37852403999997,10.59718854,4385.133333333333,22,2026-08-17
BEAT-USDT-SWAP,long,2026-08-18 08:55:36,2026-08-18 08:59:46,0.2952,0.3004,0.590490524029324,217.47766,4457.27077446,4.879166445218879,0.0,4.166666666666667,11,14,10,0,,,0.0,1.8292682926829062,19.334999930000002,-0.9873502499999999,18.347649680000004,8.436567544454913,0.0,4.46860371,974.8333333333334,8,2026-08-18
PIEVERSE-USDT-SWAP,short,2026-08-18 12:52:21,2026-08-18 12:53:10,0.9133,0.9103,1.8262672131147542,222.8046,4476.316404560001,4.97740954533576,0.0,0.8166666666666667,10,10,9,0,,,-0.0,0.38322566517026146,3.5919999699999994,-1.0010043,2.5909956699999994,1.162900438321291,18.347649680000004,9.389479200000004,32849.316666666666,12,2026-08-18
PIEVERSE-USDT-SWAP,short,2026-08-18 12:55:02,2026-08-18 12:55:15,0.8836,0.8817,1.7667283333333335,212.0074,4478.90740026,4.733462450857836,0.0,0.21666666666666667,9,6,8,0,-3.2519435015876397,-3.2519435015876397,-0.0,0.27161611588955026,2.11399998,-0.953082,1.16091798,0.5475837069838129,20.93864535,2.5909956699999994,1.8666666666666667,12,2026-08-18
GPS-USDT-SWAP,long,2026-08-18 17:37:33,2026-08-18 17:47:19,0.017272,0.017428,0.034544,219.147136,4480.42163021,4.891216811434964,0.0,9.766666666666667,1,10,0,0,,,0.0,0.9205650764242623,9.94267,-0.9906363300000002,8.952033669999999,4.084942123085742,22.099563330000002,,,17,2026-08-18
BEAT-USDT-SWAP,long,2026-08-18 23:24:58,2026-08-18 23:31:22,0.2342,0.2351,0.46840000000000004,87.825,4489.54977701,1.9562095168146383,0.0,6.4,6,21,5,0,,,0.0,0.4269854824936026,1.7598,-0.39600446999999983,1.3637955300000002,1.5528557130657559,31.051596999999997,18.347649680000004,865.2,23,2026-08-18
H-USDT-SWAP,long,2026-08-18 23:48:32,2026-08-18 23:50:25,0.11177,0.11279,2.236631364562118,219.6372,4490.9135726,4.890702001927901,0.0,1.8833333333333333,28,6,27,0,,,0.0,1.0020577972622347,9.930699979999998,-0.99283627,8.937863709999998,4.069376093849311,32.415392530000005,9.959180769999996,1902.6833333333334,23,2026-08-18
GPS-USDT-SWAP,short,2026-08-19 09:48:18,2026-08-19 09:50:08,0.014687,0.014577,0.02946440890289542,448.772412,4499.85143638,9.973049518297525,46.0,1.8333333333333333,71,75,70,35,,,-0.640021787975753,0.9600326819636407,26.025439620000004,-2.0077644999999995,24.017675120000003,5.351860871518993,0.0,8.952033669999999,960.9833333333333,9,2026-08-19
GPS-USDT-SWAP,short,2026-08-19 09:57:10,2026-08-19 09:58:06,0.014502,0.014456,0.02899068710526315,220.329222,4523.8691119800005,4.87037128056003,0.0,0.9333333333333333,42,39,41,0,,-1.2596173486757123,-0.0,0.3516756309474456,3.06100979,-0.9901040499999996,2.0709057400000006,0.9399142434225093,24.017675120000003,24.017675120000003,7.033333333333333,9,2026-08-19
GPS-USDT-SWAP,short,2026-08-19 09:58:21,2026-08-19 10:02:05,0.014578,0.014436,0.029133803421052627,221.416906,4525.94001793,4.892174998405481,0.0,3.7333333333333334,81,7,80,0,0.5240656461177773,-0.7421529243548664,-0.0,1.0015091233365414,10.052959959999999,-0.99185231,9.061107649999999,4.092328726696234,26.088580860000008,2.0709057400000006,0.25,9,2026-08-19
GPS-USDT-SWAP,short,2026-08-19 10:09:08,2026-08-19 10:09:39,0.013888,0.013822,0.027768785263157895,211.042768,4535.24951564,4.653388248479164,0.0,0.5166666666666667,15,23,14,0,,-5.440185197793978,-0.0,0.5400345622119773,4.875939870000001,-0.9474983000000002,3.9284415700000004,1.8614433497195226,35.149688510000004,9.061107649999999,7.05,10,2026-08-19
GPS-USDT-SWAP,long,2026-08-19 10:47:06,2026-08-19 10:47:44,0.014689,0.014836,0.02938168078947368,223.300774,4539.81052911,4.918724527558128,0.0,0.6333333333333333,13,7,12,0,,,0.0,1.055211382667287,11.180319960000002,-1.0098846300000002,10.170435330000002,4.5545902720426765,39.07813008,3.9284415700000004,37.45,10,2026-08-19
GPS-USDT-SWAP,short,2026-08-19 10:58:15,2026-08-19 10:59:33,0.013972,0.013816,0.027934052894736845,212.298802,4549.98096448,4.6659272567805745,0.0,1.3,18,13,17,0,,-4.881203621757779,-0.0,1.1523046092184352,11.610669919999998,-0.9501198299999999,10.660550089999997,5.021483865933448,49.24856541,10.170435330000002,10.516666666666667,10,2026-08-19
GPS-USDT-SWAP,short,2026-08-19 11:58:55,2026-08-19 11:59:04,0.012931,0.012775,0.025852556249999995,206.82045,4561.24763454,4.534295582503662,0.0,0.15,25,5,24,0,,,-0.0,1.3301368803650182,12.420849989999999,-0.9251026700000001,11.49574732,5.558322361255862,59.909115500000006,10.660550089999997,59.36666666666667,11,2026-08-19
GPS-USDT-SWAP,short,2026-08-19 12:02:03,2026-08-19 12:04:03,0.012683,0.012651,0.025361261,202.890088,4572.743381900001,4.436944544123926,0.0,2.0,8,17,7,0,-1.9178717809914203,-1.9178717809914203,-0.0,0.2838445162816283,2.5385599699999997,-0.9118630900000001,1.6266968799999995,0.801762617402975,71.40486282,11.49574732,2.9833333333333334,12,2026-08-19
GPS-USDT-SWAP,short,2026-08-19 12:11:58,2026-08-19 12:12:02,0.012198,0.012133,0.024392907999999998,219.536172,4574.37007886,4.79926565221657,0.0,0.06666666666666667,15,10,14,0,,-5.668548449462529,-0.0,0.5656665027053753,5.77244,-0.9853152000000002,4.787124799999999,2.18056311922939,73.0315597,1.6266968799999995,7.916666666666667,12,2026-08-19
GPS-USDT-SWAP,short,2026-08-19 12:18:11,2026-08-19 12:20:47,0.012152,0.012067,0.024302384222222223,218.721458,4579.157203680001,4.7764566332037335,0.0,2.6,11,1,10,0,,-6.024282731420616,-0.0,0.6994733377221896,7.57729,-0.98083679,6.59645321,3.015914977121266,77.81868449999999,4.787124799999999,6.15,12,2026-08-19
GPS-USDT-SWAP,short,2026-08-19 13:46:36,2026-08-19 13:49:37,0.011634,0.011802,0.023627641407407408,1275.892636,4585.7536569,27.82296502299497,165.0,3.0166666666666666,114,71,113,77,,,-2.879491146639168,0.025786487880341546,10.401789630000005,-5.7368360599999955,4.6649535700000095,0.3656227364572711,84.41513771,6.59645321,85.81666666666666,13,2026-08-19
GPS-USDT-SWAP,long,2026-08-19 14:07:04,2026-08-19 14:09:23,0.012804,0.012517,0.024828958666666665,1191.790016,4590.41861085,25.962556294605953,107.0,2.316666666666667,129,79,128,111,,10.056730273336756,-4.272102467978744,0.046860356138722636,52.80215951000005,-5.3868161400000005,47.41534337000005,3.9784981190847684,89.08009128,4.6649535700000095,17.45,14,2026-08-19
SNDK-USDT-SWAP,long,2026-08-19 21:45:13,2026-08-19 22:32:03,1653.74,1579.94,157.5188014572795,3394.057615,4640.51204168,73.13972217969405,1688.0,46.833333333333336,221,22,220,219,,,-6.482881226795023,0.0,70.40689988,-30.57820164000001,39.82869823999999,1.1734832686392092,136.49543465000005,8.950942949999998,2789.05,21,2026-08-19
SNDK-USDT-SWAP,short,2026-08-19 22:46:05,2026-08-19 22:48:03,1579.96,1575.02,157.99599999999998,78.998,4680.340740039999,1.6878685631620247,0.0,1.9666666666666666,2,3,1,0,,0.19595781516550392,-0.0,0.3132990708625605,2.4731199999999998,-0.70986909,1.7632509099999998,2.232019684042634,176.32413289000004,39.82869823999999,14.033333333333333,22,2026-08-19
BEAT-USDT-SWAP,short,2026-08-20 08:44:07,2026-08-20 08:45:07,0.1568,0.1559,0.3134324845885822,233.88332,4687.72147362,4.989275094865827,0.0,1.0,11,3,10,0,,,-0.0,0.5739795918367263,6.09079998,-1.04973411,5.04106587,2.155376394520139,0.0,1.3637955300000002,1992.75,8,2026-08-20
BEAT-USDT-SWAP,short,2026-08-20 09:04:10,2026-08-20 09:08:19,0.145,0.1444,0.29000000000000004,219.24,4692.76253954,4.671875002255934,0.0,4.15,3,7,2,0,,-7.525510204081631,-0.0,0.4827586206896384,5.0753,-0.98429612,4.091003880000001,1.8659933771209634,5.041065869999999,5.04106587,19.05,9,2026-08-20
GPS-USDT-SWAP,long,2026-08-20 10:23:13,2026-08-20 10:25:41,0.012148,0.012021,0.024024651179941004,912.167956,4697.04150031,19.420053153454102,81.0,2.466666666666667,114,128,113,90,,,-1.8603885413236765,0.032927230819868036,6.939239420000003,-4.1078786,2.831360820000003,0.3103990664631507,9.13206975,47.41534337000005,1213.8333333333333,10,2026-08-20
HYPE-USDT-SWAP,long,2026-08-20 12:59:36,2026-08-20 13:30:03,70.796,70.854,1.41592,229.37904,4700.797516639999,4.879577118308934,0.0,30.45,1,28,0,0,,,0.0,0.09887564269166482,1.0076,-1.0326591299999999,-0.02505912999999982,-0.01092476888908412,11.963430570000003,,,12,2026-08-20
LIT-USDT-SWAP,short,2026-08-20 13:37:29,2026-08-20 14:03:31,2.8265,2.8362,0.5694391762767711,691.29916,4700.77245754,14.706075783165423,187.0,26.033333333333335,37,44,36,23,,,-1.2559702812666051,0.028303555634168198,9.51699977,-3.1065637199999987,6.410436050000001,0.9273027396706226,11.938371440000004,0.7492481099999999,64190.833333333336,13,2026-08-20
BOME-USDT-SWAP,long,2026-08-20 15:28:36,2026-08-20 15:29:52,0.0010916,0.0010891,0.21724895221394128,495.54486,4707.74966451,10.526151459066126,47.0,1.2666666666666666,62,29,61,28,,,-0.9618908024917605,0.03664345914253797,6.715799869999999,-2.2329740699999983,4.4828258000000005,0.9046256276374253,18.348807490000006,,,15,2026-08-20
BOME-USDT-SWAP,long,2026-08-20 15:30:42,2026-08-20 15:30:44,0.0011198,0.0011283,0.22400508000000002,224.00508,4712.23249052,4.753693296131932,0.0,0.03333333333333333,11,15,10,0,2.583363869549271,2.583363869549271,0.0,0.7858546168958647,8.33939985,-1.0117756299999998,7.32762422,3.271186626660431,22.831633290000003,4.4828258000000005,0.8333333333333334,15,2026-08-20
BOME-USDT-SWAP,short,2026-08-20 15:39:33,2026-08-20 15:42:06,0.0010765,0.0010837,0.21774897333333326,653.24692,4719.56011494,13.841267069193902,128.0,2.55,82,42,81,55,,-1.3832905826310138,-2.1551323734324113,0.03715745471435383,15.894099869999998,-2.9324589400000005,12.961640929999998,1.9841870712532401,30.159257510000007,7.32762422,8.816666666666666,15,2026-08-20
BOME-USDT-SWAP,long,2026-08-20 15:54:13,2026-08-20 15:55:11,0.001128,0.0011261,0.22472772,449.45544,4732.70642701,9.496795267817914,38.0,0.9666666666666667,57,39,56,27,,3.3345547819714216,-0.824468085106389,0.035460992907809796,5.143599610000001,-2.0248642099999996,3.118735400000001,0.693892012965735,43.120898440000005,12.961640929999998,12.116666666666667,15,2026-08-20
BOME-USDT-SWAP,short,2026-08-20 16:06:05,2026-08-20 16:06:06,0.0010833,0.0010705,0.21659018000000002,216.59018,4735.8251629100005,4.573441217726729,0.0,0.016666666666666666,20,5,19,0,,0.6316767301439707,-0.0,1.4677374688451872,13.488199999999999,-0.96858614,12.51961386,5.7803238632517875,46.23963384,3.118735400000001,10.9,16,2026-08-20
BOME-USDT-SWAP,short,2026-08-20 16:22:02,2026-08-20 16:22:16,0.0011002,0.001099,0.22000698,220.00698,4748.344776790001,4.63334046582713,0.0,0.23333333333333334,13,8,12,0,,-2.4645390070922146,-0.0,0.1454281039810934,1.3415,-0.9894277599999999,0.35207224000000004,0.16002775911927888,58.7592477,12.51961386,15.933333333333334,16,2026-08-20
BOME-USDT-SWAP,long,2026-08-20 18:00:11,2026-08-20 18:03:00,0.0011939,0.0012017,0.23884542,238.84542,4750.52987418,5.027763772167155,0.0,2.816666666666667,20,20,19,0,,,0.0,0.8124633553899141,8.0893998,-1.0784446600000002,7.01095514,2.9353525556403803,59.11131994000001,0.35207224000000004,97.91666666666667,18,2026-08-20
BOME-USDT-SWAP,short,2026-08-20 18:22:15,2026-08-20 18:26:32,0.0011844,0.0011992,0.24007739199999992,1200.38696,4757.54082955,25.231248727161017,130.0,4.283333333333333,83,71,82,82,,-0.7957115336292842,-2.1952043228638862,-0.0,7.508,-5.398362930000002,2.109637069999998,0.17574641680546063,66.12227508000001,7.01095514,19.25,18,2026-08-20
NEIRO-USDT-SWAP,long,2026-08-20 20:11:38,2026-08-20 20:12:42,8.318e-05,8.356e-05,0.027739270559498458,234.50779333,4760.8075175799995,4.9257986689032185,0.0,1.0666666666666667,24,22,23,0,,,0.0,0.48088482808366084,2.98791984,-0.6345156399999999,2.3534042,1.0035505287827613,68.23191215,,,20,2026-08-20
BOME-USDT-SWAP,short,2026-08-20 20:15:05,2026-08-20 20:16:08,0.0012498,0.0012517,0.25164796106557374,491.21682,4763.16092197,10.312832760578603,36.0,1.05,43,24,42,34,,,-1.36021763482157,0.016002560409655864,13.33399983,-2.20447547,11.12952436,2.265705062786734,70.58531635,2.109637069999998,108.55,20,2026-08-20
SNDK-USDT-SWAP,long,2026-08-20 21:40:40,2026-08-20 21:42:20,1604.1,1611.05,160.411812,80.205906,4774.29044658,1.679954474857189,0.0,1.6666666666666667,17,6,16,0,,,0.0,0.44012218689608584,3.48992,-0.7234236300000001,2.76649637,3.449242715368118,81.71484071,1.7632509099999998,1372.6166666666666,21,2026-08-20
SNDK-USDT-SWAP,short,2026-08-20 21:51:16,2026-08-20 21:57:01,1572.38,1579.77,158.55734600000002,237.836019,4777.05694296,4.978714338971853,288.0,5.75,33,1,32,6,,-1.977432828377268,-1.5880385148627996,0.007631742962899146,8.70519,-2.13660683,6.56858317,2.761811771664409,84.48133708,2.76649637,8.933333333333334,21,2026-08-20
ENA-USDT-SWAP,long,2026-08-21 10:12:54,2026-08-21 10:18:06,0.12055,0.12182,0.2411572164948453,233.9225,4784.65071541,4.889019364498272,0.0,5.2,14,10,13,0,,,0.0,1.0700953961012116,12.13979995,-1.05811418,11.08168577,4.737332137780674,0.0,,,10,2026-08-21
BOME-USDT-SWAP,short,2026-08-21 11:35:10,2026-08-21 11:38:26,0.001155,0.00115,0.23090204830917874,238.98362,4795.73240125,4.983255945175533,0.0,3.2666666666666666,26,21,25,0,,,-0.0,0.4761904761904856,4.851299920000001,-1.0732432599999995,3.778056660000001,1.5808851920478908,11.08168577,11.12952436,919.0333333333333,11,2026-08-21
ONT-USDT-SWAP,short,2026-08-21 11:57:09,2026-08-21 11:58:57,0.05158,0.0514,0.1031509,103.1509,4799.7054362399995,2.1491089686705127,0.0,1.8,2,10,1,0,,,-0.0,0.3877471888328765,1.8319999999999999,-0.37068371999999994,1.46131628,1.4166781676165694,14.859742430000002,,,11,2026-08-21
CRV-USDT-SWAP,short,2026-08-21 12:06:16,2026-08-21 12:09:46,0.3177,0.3168,0.06352000530363298,239.53394,4801.16675252,4.989077704378321,0.0,3.5,5,6,4,0,,,-0.0,0.3147623544224154,3.10759998,-0.8612034299999999,2.24639655,0.9378197302645296,16.321058710000003,,,12,2026-08-21
BEAT-USDT-SWAP,short,2026-08-21 15:04:12,2026-08-21 15:04:31,0.126,0.1253,0.4199887470176667,240.10756667,4803.82684574,4.998256065014619,0.0,0.31666666666666665,9,54,8,0,,,-0.0,0.6349206349206327,3.983399739999997,-0.5171983500000001,3.466201389999997,1.4436035640492282,18.56745526,4.091003880000001,1795.8833333333334,15,2026-08-21
NEIRO-USDT-SWAP,short,2026-08-21 15:06:02,2026-08-21 15:10:04,9.86e-05,9.851e-05,0.019824900857604508,478.513632,4807.29304743,9.953910179364152,56.0,4.033333333333333,33,7,32,5,,,-1.166328600405686,0.13184584178499437,15.29846997,-1.7171416499999999,13.581328319999999,2.838232270047429,22.033656649999998,2.3534042,1133.3333333333333,15,2026-08-21
SSV-USDT-SWAP,long,2026-08-21 15:22:28,2026-08-21 15:33:46,2.985,2.842,0.09412227435923072,1223.58956667,4820.87437581,25.381071384263425,517.0,11.3,46,20,45,43,,,-8.040201005025116,0.03350083752093891,19.5105999,-2.29483706,17.21576284,1.4069883651306958,35.614984969999995,,,15,2026-08-21
BOME-USDT-SWAP,long,2026-08-21 15:49:17,2026-08-21 15:53:49,0.0014909,0.0014351,0.2869439611389001,2983.06942,4838.0901387700005,61.65799591237862,229.0,4.533333333333333,292,102,291,263,,,-5.546985042591723,0.04024414783017072,10.512199450000004,-10.742834299999997,-0.2306348499999924,-0.00773146103988396,52.83074781,3.778056660000001,250.85,15,2026-08-21
BOME-USDT-SWAP,long,2026-08-21 15:54:00,2026-08-21 15:56:03,0.0014346,0.0014388,0.2853718125,456.5949,4837.85950437,9.437952871255593,24.0,2.05,58,20,57,36,-3.776242538064256,-3.776242538064256,-1.1222640457270283,0.3973232956921757,19.976199870000002,-1.6509330500000001,18.325266820000003,4.013462879239344,52.60011296000001,-0.2306348499999924,0.18333333333333332,15,2026-08-21
BOME-USDT-SWAP,long,2026-08-21 16:47:13,2026-08-21 16:51:31,0.0015314,0.0015131,0.30270017499999996,968.64056,4856.1847713,19.94653427778645,232.0,4.3,83,48,82,80,,,-1.828392320752259,0.006529972574109699,-0.09300037000000001,-3.487072549999998,-3.580072919999998,-0.36959766789034704,70.92537978,18.325266820000003,51.166666666666664,16,2026-08-21
BOME-USDT-SWAP,long,2026-08-21 16:53:23,2026-08-21 16:55:02,0.0015557,0.0015624,0.30936355000000004,494.98168,4852.60469875,10.200329734822704,42.0,1.65,47,6,46,21,2.795031055900621,1.5867833355099892,-1.1827473163206315,0.48852606543678956,25.711699940000003,-1.7911902299999998,23.920509710000005,4.832605059241789,67.34530686000001,-3.580072919999998,1.8666666666666667,16,2026-08-21
BOME-USDT-SWAP,short,2026-08-21 17:02:06,2026-08-21 17:02:07,0.0013766,0.0013666,0.2752379500000001,220.19036,4879.482562730001,4.512576019470528,0.0,0.016666666666666666,32,8,31,0,,-10.10839754473032,-0.0,0.8063344471887279,8.2114,-0.7897291900000002,7.421670809999999,3.3705702692888098,91.26581657000001,23.920509710000005,7.066666666666666,17,2026-08-21
ETH-USDT-SWAP,short,2026-08-21 19:41:00,2026-08-21 20:41:32,2376.87,2391.5,23.7687,47.5374,4887.96410046,0.9725398759685309,0.0,60.53333333333333,2,1,1,0,,,-0.615515362640795,-0.0,-2.926,-0.34332264,-3.2693226400000004,-6.877369481713346,98.68748738000001,52.77990476999966,40440.73333333333,19,2026-08-21
BEAT-USDT-SWAP,long,2026-08-21 19:57:20,2026-08-21 20:02:49,0.1405,0.1405,0.4643648333,92.75728403,4840.25556582,1.9163716206436663,179.0,5.483333333333333,4,1,3,2,,,-1.7081850533807952,0.0711743772241924,2.38109999,-0.2014628,2.1796371900000002,2.34982860137976,95.41816474000002,3.466201389999997,292.81666666666666,19,2026-08-21
SNDK-USDT-SWAP,short,2026-08-21 22:47:53,2026-08-21 22:54:34,1595.21,1586.6,159.52100000000002,63.8084,4886.86009651,1.3057136635765243,0.0,6.683333333333334,2,4,1,0,,,-0.0,0.5397408491672029,3.444,-0.45818064000000003,2.98581936,4.6793515587289445,97.59780193000002,6.56858317,1490.8666666666666,22,2026-08-21
BEAT-USDT-SWAP,short,2026-08-22 09:13:06,2026-08-22 09:13:24,0.1701,0.1685,0.3400000557258289,244.05204,4889.92484063,4.9909159742536495,0.0,0.3,45,4,44,0,,,-0.0,0.9994121105232234,10.78969998,-0.8747030600000001,9.91499692,4.062656849744013,0.0,2.1796371900000002,790.2833333333333,9,2026-08-22
BEAT-USDT-SWAP,long,2026-08-22 09:29:17,2026-08-22 09:29:34,0.1711,0.1715,0.34237711343155486,239.35584,4899.83983757,4.8849727324700645,0.0,0.2833333333333333,8,42,7,0,,0.5878894767783693,0.0,0.29222676797193703,2.40429978,-0.8625465600000001,1.54175322,0.6441260092087162,9.91499692,9.91499692,15.883333333333333,9,2026-08-22
TRB-USDT-SWAP,long,2026-08-22 10:27:53,2026-08-22 10:28:11,21.98,22.16,0.43971496350364964,240.9638,4901.381590999999,4.916242400764345,0.0,0.3,5,5,4,0,,,0.0,0.8644222020018244,9.96999998,-0.87105888,9.098941100000001,3.7760614249941282,11.45675014,,,10,2026-08-22
TRB-USDT-SWAP,short,2026-08-22 10:41:13,2026-08-22 10:42:59,21.81,21.71,0.4384776000000001,438.4776,4910.48053212,8.92942344709177,54.0,1.7666666666666666,18,8,17,7,,-0.7734303912647955,-1.1462631820265967,0.6419073819348808,23.652,-1.5700046399999998,22.08199536,5.036060076957181,20.55569124,9.098941100000001,13.033333333333333,10,2026-08-22
TRB-USDT-SWAP,short,2026-08-22 11:02:04,2026-08-22 11:05:06,21.14,20.95,0.4226332,211.3166,4932.86548472,4.283850850070257,0.0,3.033333333333333,7,6,6,0,,-3.0719853278312614,-0.0,0.9460737937559083,9.372,-0.7573658400000001,8.61463416,4.076648100527834,42.6376866,22.08199536,19.083333333333332,11,2026-08-22
DASH-USDT-SWAP,short,2026-08-22 11:49:58,2026-08-22 11:50:19,45.26,45.04,0.09049801100917433,246.60708,4941.480118869999,4.99055088895902,0.0,0.35,8,6,7,0,,,-0.0,0.5302695536897772,5.780299970000001,-0.88570459,4.89459538,1.9847748815646333,51.25232076,,,11,2026-08-22
TRUMP-USDT-SWAP,long,2026-08-22 11:54:32,2026-08-22 11:54:45,2.633,2.652,0.05266,242.18334,4946.3747143,4.896178595201177,0.0,0.21666666666666667,4,10,3,0,,,0.0,0.7216103304215737,8.7381,-0.87500572,7.863094279999999,3.246752761771309,56.14691614,,,11,2026-08-22
TRUMP-USDT-SWAP,long,2026-08-22 11:57:09,2026-08-22 11:57:15,2.642,2.66,0.052840000000000005,242.37708,4954.23780856,4.892318240784032,0.0,0.1,7,10,6,0,0.3418154196733747,0.3418154196733747,0.0,0.6813020439061512,8.2566,-0.8755298499999999,7.381070150000001,3.0452838816277517,64.01001042,7.863094279999999,2.4,11,2026-08-22
TRUMP-USDT-SWAP,long,2026-08-22 11:59:57,2026-08-22 12:00:24,2.715,2.733,0.05405181190104747,485.00006886,4961.618878689999,9.775036751473605,19.0,0.45,9,24,8,6,2.763058289174869,3.1143182681351966,-0.9576427255985176,0.7366482504604033,28.302499900000015,-1.7564083199999994,26.546091580000017,5.473420167217091,71.39108057000001,7.381070150000001,2.7,11,2026-08-22
TRUMP-USDT-SWAP,long,2026-08-22 12:04:13,2026-08-22 12:04:30,2.78,2.791,0.0556,250.2,4988.1040792,5.015933830316697,0.0,0.2833333333333333,4,10,3,0,2.3941068139963217,5.582985187998468,0.0,0.4316546762589857,5.212899999999999,-0.9025966299999999,4.31030337,1.7227431534772182,97.93717215000002,26.546091580000017,3.816666666666667,12,2026-08-22
TRUMP-USDT-SWAP,long,2026-08-22 12:08:07,2026-08-22 12:10:33,2.725,2.654,0.05299209396825396,1669.25096,4992.41438255,33.435745354683256,118.0,2.433333333333333,34,6,33,30,-1.978417266187038,3.4941131788833957,-4.440366972477062,0.03669724770640759,13.84519996,-6.014287730000001,7.830912229999999,0.46912731624248993,102.24747552000002,4.31030337,3.6166666666666667,12,2026-08-22
TRUMP-USDT-SWAP,long,2026-08-22 12:40:46,2026-08-22 12:42:03,2.926,2.938,0.05825999999999999,524.34,5000.66855537,10.485397986173952,21.0,1.2833333333333334,7,10,6,3,,,-0.8885850991114275,0.44429254955571373,23.056199910000004,-1.89592425,21.160275660000003,4.035602025403365,110.07838775000002,7.830912229999999,30.216666666666665,12,2026-08-22
TRUMP-USDT-SWAP,long,2026-08-22 12:47:32,2026-08-22 12:47:34,3.058,3.08,0.061160000000000006,275.22,5022.49007211,5.479751996490801,0.0,0.03333333333333333,3,3,2,0,,4.5112781954887105,0.0,0.7848266841072649,9.9111,-0.9943599999999999,8.916739999999999,3.23985902187341,131.23866341000002,21.160275660000003,5.483333333333333,12,2026-08-22
TRUMP-USDT-SWAP,long,2026-08-22 12:50:02,2026-08-22 12:50:06,3.2,3.239,0.06400845777777778,288.03806,5031.40681212,5.724801646055613,0.0,0.06666666666666667,3,5,2,0,4.6435578809679745,9.364319890635686,0.0,1.2499999999999956,17.45039997,-1.04321916,16.40718081,5.696185014577588,140.15540341000002,8.916739999999999,2.466666666666667,12,2026-08-22
TRUMP-USDT-SWAP,long,2026-08-22 12:54:33,2026-08-22 12:55:53,3.287,3.236,0.06464186518518518,1745.33036,5047.81399296,34.5759642180585,53.0,1.3333333333333333,28,20,27,24,2.718749999999992,12.337662337662337,-2.951019166413138,0.030422878004254805,10.55249989,-6.286988209999999,4.265511680000001,0.2443956615754969,156.56258422000002,16.40718081,4.45,12,2026-08-22
TRUMP-USDT-SWAP,long,2026-08-22 13:03:45,2026-08-22 13:04:06,3.409,3.443,0.06818453777777778,306.83042,5052.0795047599995,6.073348998385885,0.0,0.35,4,3,3,0,,16.507177033492802,0.0,0.9973599295981295,15.19789999,-1.1100607500000002,14.08783924,4.591408909194858,160.82809590000002,4.265511680000001,7.866666666666666,13,2026-08-22
TRUMP-USDT-SWAP,long,2026-08-22 13:05:09,2026-08-22 13:05:42,3.431,3.448,0.06863993333333333,308.8797,5066.16734401,6.096910722169589,0.0,0.55,5,4,4,0,0.6453505426811557,17.25905673274093,0.0,0.4954823666569519,7.20149998,-1.11455946,6.086940520000001,1.9706508779955434,174.91593514000002,14.08783924,1.05,13,2026-08-22
TRUMP-USDT-SWAP,short,2026-08-22 13:08:23,2026-08-22 13:08:23,3.399,3.396,0.06795353333333334,305.7909,5072.25428455,6.028698145742296,0.0,0.0,14,4,13,0,-0.29334115576414854,16.16541353383458,-0.0,0.14710208884965992,0.7550999899999999,-1.1005754099999998,-0.34547541999999987,-0.11297766545701649,181.00287566000003,6.086940520000001,2.683333333333333,13,2026-08-22
TRUMP-USDT-SWAP,short,2026-08-22 13:09:27,2026-08-22 13:09:28,3.198,3.135,0.06391048444444446,287.59718,5071.90880915,5.670393353310276,0.0,0.016666666666666666,10,1,9,0,-6.791023025357045,9.295967190704024,-0.0,1.9699812382739212,27.2359,-1.02554492,26.21035508,9.113564701851388,180.65740024000002,-0.34547541999999987,1.0666666666666667,13,2026-08-22
TRUMP-USDT-SWAP,short,2026-08-22 13:11:15,2026-08-22 13:11:30,2.739,2.771,0.05552666666666667,749.61,5098.11916422,14.703657875652826,8.0,0.25,5,26,4,4,-19.417475728155342,-6.80503572643757,-2.190580503833517,-0.0,8.000999890000001,-2.6957156299999996,5.305284260000001,0.7077392590813891,206.86775532000001,26.21035508,1.7833333333333334,13,2026-08-22
TRUMP-USDT-SWAP,long,2026-08-22 13:15:36,2026-08-22 13:15:40,3.043,3.05,0.060870568888888886,273.91756,5103.42444858,5.36732859984272,0.0,0.06666666666666667,2,4,1,0,11.098941219423164,-0.4905166775670322,0.0,0.39434768320736335,4.736599979999999,-0.9878083999999999,3.7487915799999993,1.368583883413681,212.17303958000002,5.305284260000001,4.1,13,2026-08-22
TRUMP-USDT-SWAP,short,2026-08-22 13:22:14,2026-08-22 13:22:22,2.92,2.895,0.05840000000000001,233.6,5107.17324019,4.573958802919117,0.0,0.13333333333333333,3,2,2,0,,-11.165196227563124,-0.0,0.8904109589040976,10.2296,-0.83727734,9.39232266,4.020686070205479,215.92183116000004,3.7487915799999993,6.566666666666666,13,2026-08-22
TRUMP-USDT-SWAP,short,2026-08-22 13:29:06,2026-08-22 13:30:15,2.925,2.934,0.058612425,468.8994,5116.56556284,9.164338739358062,43.0,1.15,13,9,12,8,,-14.197711938985035,-0.47863247863249025,0.10256410256409554,-2.61500002,-1.68897925,-4.30397927,-0.9178896944632473,225.31415382000003,9.39232266,6.733333333333333,13,2026-08-22
TRUMP-USDT-SWAP,short,2026-08-22 13:31:23,2026-08-22 13:31:24,2.838,2.821,0.05676,56.76,5112.2615835999995,1.1102718253323456,0.0,0.016666666666666666,1,8,0,0,-2.9743589743589705,-16.749779994133174,-0.0,0.634249471458781,1.7359,-0.20371108,1.53218892,2.6994167019027486,221.01017455000002,-4.30397927,1.1333333333333333,13,2026-08-22
TRUMP-USDT-SWAP,long,2026-08-22 18:38:32,2026-08-22 18:40:49,2.711,2.693,0.05356586300565305,729.62062,5118.9418913,14.253348357793264,86.0,2.283333333333333,43,11,42,39,,,-2.0287716709701087,0.0,11.06849994,-2.6306189499999992,8.437880990000002,1.156475126758342,222.54236347000003,1.53218892,307.1333333333333,18,2026-08-22
MOVE-USDT-SWAP,long,2026-08-23 09:04:31,2026-08-23 09:05:46,0.009066,0.008994,0.017962142552263798,782.736286,5127.8335964,15.264463467564951,43.0,1.25,62,26,61,40,,,-2.1288330024266333,0.05515111405249851,6.210479860000001,-2.8200863900000006,3.3903934700000007,0.4331463266288387,0.0,,,9,2026-08-23
MOVE-USDT-SWAP,short,2026-08-23 09:06:22,2026-08-23 09:06:45,0.008358,0.008315,0.016704257400000002,167.042574,5131.22398999,3.2554138023572334,0.0,0.38333333333333336,8,2,7,0,-7.809397749834535,-7.809397749834535,-0.0,0.526441732471894,3.7977499900000002,-0.59998608,3.1977639100000004,1.914340657849298,3.3903934700000007,3.3903934700000007,0.6,9,2026-08-23
MOVE-USDT-SWAP,short,2026-08-23 09:11:38,2026-08-23 09:12:42,0.007984,0.007894,0.015958340799999998,159.583408,5134.42175391,3.108108676083591,0.0,1.0666666666666667,12,7,11,0,,-11.93470108096183,-0.0,1.2775551102204408,8.76492997,-0.5713448999999999,8.193585070000001,5.134358999276417,6.588157380000002,3.1977639100000004,4.883333333333334,9,2026-08-23
ZRO-USDT-SWAP,long,2026-08-23 17:17:42,2026-08-23 17:51:15,1.2443,1.2089,0.24165243541164322,2806.06808,5143.30443507,54.55768981642654,1928.0,33.55,357,157,356,341,,,-4.05850679096681,0.02410994133248412,16.152699159999997,-10.107660089999994,6.045039070000003,0.21542738442753687,14.781742450000001,,,17,2026-08-23
TRUMP-USDT-SWAP,long,2026-08-23 22:42:17,2026-08-23 22:45:17,2.838,2.709,0.054091383654937576,1906.18036,5151.1112595,37.005225940024175,42.0,3.0,23,82,22,22,,,-9.302325581395355,0.0,17.927099660000007,-6.868702999999996,11.05839666000001,0.580133805386601,20.826781520000008,8.437880990000002,1681.4666666666667,22,2026-08-23
TRUMP-USDT-SWAP,short,2026-08-24 08:02:13,2026-08-24 08:02:17,2.589,2.573,0.05178,257.55372,5163.37427894,4.988089301418485,0.0,0.06666666666666667,1,4,0,0,,,-0.0,0.7724990343762062,8.4082,-0.9241664500000001,7.48403355,2.905814581128939,0.0,11.05839666000001,556.9333333333333,8,2026-08-24
TRUMP-USDT-SWAP,short,2026-08-24 08:03:05,2026-08-24 08:04:14,2.56,2.535,0.0512,230.4,5170.8583125000005,4.455739957968534,0.0,1.15,1,1,0,0,-1.1201235998455017,-1.1201235998455017,-0.0,0.9765625,11.25,-0.82539,10.42461,4.5245703125,7.484033550000001,7.48403355,0.8,8,2026-08-24
TRUMP-USDT-SWAP,short,2026-08-24 10:06:11,2026-08-24 10:09:31,2.48,2.474,0.0496,258.4656,5181.58423499,4.98815783510077,0.0,3.3333333333333335,1,1,0,0,,,-0.0,0.24193548387095865,3.1266,-0.9293505799999999,2.19724942,0.8501129047734011,17.90864355,10.42461,121.95,10,2026-08-24
LIT-USDT-SWAP,long,2026-08-24 10:54:45,2026-08-24 10:59:55,3.6144,3.653,0.7228800000000001,258.06816,5183.7814843999995,4.978376514840117,0.0,5.166666666666667,5,14,4,0,,,0.0,1.1122177954847379,14.048899999999998,-0.7109498999999999,13.337950099999999,5.168382686186471,20.10589297,6.410436050000001,5571.233333333334,10,2026-08-24
TRUMP-USDT-SWAP,short,2026-08-24 16:17:52,2026-08-24 17:15:17,2.385,2.452,0.04860505050505042,4811.9,5197.40639485,92.58271596325449,2962.0,57.416666666666664,164,74,163,163,,,-2.8092243186582877,-0.0,-212.93300027999993,-17.14316981999998,-230.0761700999999,-4.7813996571001045,33.443843070000014,2.19724942,368.35,16,2026-08-24
SPK-USDT-SWAP,short,2026-08-24 16:26:03,2026-08-24 16:30:03,0.0216,0.02141,0.43200000000000005,43.2,5006.26295485,0.8629191153083245,0.0,4.0,3,2,2,0,,,-0.0,0.8796296296296413,1.9000000000000001,-0.154836,1.7451640000000002,4.039731481481482,-196.63232702999989,,,16,2026-08-24
TRUMP-USDT-SWAP,long,2026-08-24 17:17:32,2026-08-24 17:24:08,2.445,2.449,0.012225,244.5,4969.07538897,4.920432492184033,0.0,6.6,1,30,0,0,-0.2447980416156792,1.0330578512396604,0.0,0.16359918200408163,8.0,-3.5236799599999995,4.476320040000001,1.8308057423312887,-194.88716302999987,-230.0761700999999,2.25,17,2026-08-24
LIT-USDT-SWAP,long,2026-08-24 17:32:05,2026-08-24 17:50:03,3.4904,3.4915,0.34904,248.51648,4993.55170897,4.976747903773295,1.0,17.966666666666665,3,15,2,0,,,0.0,0.06303002521199641,1.0288,-1.2846630500000003,-0.2558630500000003,-0.10295617015016482,-190.4108429899999,13.337950099999999,392.1666666666667,17,2026-08-24
TRUMP-USDT-SWAP,short,2026-08-24 17:48:17,2026-08-24 17:48:56,2.45,2.444,0.01225,245.0,4744.64559562,5.1637154991338186,0.0,0.65,7,4,6,0,,0.040832993058415035,-0.0,0.2448979591836875,12.0,-2.76535845,9.23464155,3.7692414489795913,-190.66670603999987,4.476320040000001,24.15,17,2026-08-24
BEAT-USDT-SWAP,short,2026-08-24 17:59:51,2026-08-24 18:03:46,0.1385,0.1419,0.283693800872092,2342.17602,5002.5304874700005,46.81982500389601,197.0,3.9166666666666665,175,185,174,172,,,-3.537906137184099,-0.0,5.381599559999999,-7.660842799999996,-2.279243239999997,-0.09731306360142808,-181.43206448999987,1.54175322,3390.2833333333333,17,2026-08-24
BEAT-USDT-SWAP,short,2026-08-24 18:03:58,2026-08-24 18:04:02,0.1411,0.1409,0.28219999999999995,211.65,5000.25124452,4.232787307076954,0.0,0.06666666666666667,22,31,21,0,1.8772563176895352,1.8772563176895352,-0.0,0.14174344436570507,1.5,-0.6400314399999999,0.8599685600000001,0.4063163524686984,-183.71130772999987,-2.279243239999997,0.2,18,2026-08-24
ETH-USDT-SWAP,long,2026-08-24 18:08:15,2026-08-24 18:14:25,2476.2,2483.36,4.9524,99.048,5001.1112131,1.9805198440808895,0.0,6.166666666666667,1,1,0,0,,,0.0,0.28915273402796426,14.32,-3.5708832,10.7491168,10.8524319521848,-182.85133916999987,-3.2693226400000004,4166.716666666666,18,2026-08-24
TRUMP-USDT-SWAP,long,2026-08-24 18:38:06,2026-08-24 18:50:16,2.491,2.498,0.02491,249.52347,5012.584611480001,4.977940311042978,0.0,12.166666666666666,1,3,0,0,,,0.0,0.2810116419108777,7.0119,-1.27509399,5.73680601,2.2991047735910373,-172.10222236999988,9.23464155,49.166666666666664,18,2026-08-24
SNDK-USDT-SWAP,short,2026-08-24 21:26:12,2026-08-24 21:27:54,1501.53,1496.11,150.153,75.0765,5024.36688303,1.4942479669144757,0.0,1.7,1,1,0,0,,,-0.0,0.3609651488814758,2.71,-0.5395752,2.1704248,2.8909509633507158,-166.3654163599999,2.98581936,4231.633333333333,21,2026-08-24
SNDK-USDT-SWAP,long,2026-08-24 21:34:22,2026-08-24 22:07:52,1464.38,1438.48,143.41074999999998,860.4645,5026.53730783,17.118434566468384,1616.0,33.5,15,6,14,14,,,-2.785479178901662,0.0,22.20872996,-4.99876483,17.20996513,2.0000784611102493,-164.1949915599999,2.1704248,6.466666666666667,21,2026-08-24
SNDK-USDT-SWAP,short,2026-08-24 23:42:52,2026-08-24 23:51:18,1480.6,1485.59,148.68349999999998,148.6835,5044.154527080001,2.9476396728486245,311.0,8.433333333333334,3,1,2,1,,,-0.8422261245440987,-0.0,1.245,-1.0700729999999998,0.17492700000000028,0.11765057992312547,-146.9850264299999,17.20996513,95.0,23,2026-08-24
SKHYNIX-USDT-SWAP,short,2026-08-25 08:34:07,2026-08-25 08:41:54,1145.04,1144.11,114.504,80.1528,5045.09883581,1.5887260608469587,0.0,7.783333333333333,2,2,1,0,,,-0.0,0.08471319779221886,0.65132,-0.57686568,0.07445431999999996,0.09289047918475707,0.0,-269.98875009,45616.683333333334,8,2026-08-25
TRUMP-USDT-SWAP,short,2026-08-25 08:45:15,2026-08-25 08:56:05,2.411,2.455,0.04887662473660686,1530.91364,5045.17329012,30.344124016473316,572.0,10.833333333333334,15,48,14,8,,,-2.0738282870178315,-0.0,-34.98280022000001,-5.254108100000004,-40.23690832000001,-2.6282938023858753,0.07445432000000096,5.73680601,834.9833333333333,8,2026-08-25
TRUMP-USDT-SWAP,long,2026-08-25 08:56:56,2026-08-25 09:02:02,2.45,2.463,0.0245,245.0,5004.9363820300005,4.895167117001956,0.0,5.1,2,3,1,0,-0.20366598778003286,1.6175860638739215,0.0,0.5306122448979655,13.0,-1.7686800099999997,11.23131999,4.584212240816327,-40.16245400000001,-40.23690832000001,0.85,8,2026-08-25
SLX-USDT-SWAP,long,2026-08-25 09:00:21,2026-08-25 09:08:31,0.07064,0.07086,0.14128,237.49168,4759.05438203,4.990312380055146,0.0,8.166666666666666,4,26,3,0,,,0.0,0.3963759909399789,4.0458,-0.6192244899999999,3.42657551,1.4428191800234855,-28.93113401000001,3.4165545,71743.68333333333,9,2026-08-25
MEW-USDT-SWAP,long,2026-08-25 10:35:34,2026-08-25 11:09:39,0.0004982,0.0004816,0.16002222221999998,240.03333333,5020.79249006,4.780785778444541,971.0,34.083333333333336,26,10,25,24,,,-4.95784825371336,0.0,2.46499996,-0.44393096,2.0210690000000002,0.8419951395756422,-25.504558500000012,,,10,2026-08-25
WIF-USDT-SWAP,long,2026-08-25 10:37:25,2026-08-25 10:38:17,0.2254,0.2264,0.045079999999999995,45.08,5004.167888200001,0.900849072356269,0.0,0.8666666666666667,3,7,2,0,,,0.0,0.4436557231588312,1.0,-0.16264800999999998,0.83735199,1.857480013309672,-23.483489500000008,,,10,2026-08-25
BEAT-USDT-SWAP,short,2026-08-25 19:10:21,2026-08-25 19:12:32,0.1294,0.1308,0.25880000000000003,78.26112,5024.02158378,1.5577385306756084,0.0,2.183333333333333,23,15,22,0,,,-1.0819165378670892,-0.0,-4.233600000000001,-0.2242422,-4.457842200000001,-5.696113472436889,-22.64613751000001,0.8599685600000001,1506.3166666666666,19,2026-08-25
ONT-USDT-SWAP,long,2026-08-25 21:21:30,2026-08-25 21:24:17,0.05398,0.0543,0.10796,100.07892,5016.00292588,1.9951926160896787,0.0,2.783333333333333,3,7,2,0,,,0.0,0.6298629121896937,3.0501,-0.26480113,2.78529887,2.783102445549972,-27.10397971000001,1.46131628,6322.55,21,2026-08-25
SNDK-USDT-SWAP,short,2026-08-25 21:35:39,2026-08-25 21:36:04,1550.44,1539.96,155.044,77.522,5018.78822475,1.544635807060012,0.0,0.4166666666666667,1,1,0,0,,,-0.0,0.6759371533242242,5.24,-0.5562720000000001,4.683728,6.041804906994144,-24.318680840000013,0.17492700000000028,1304.35,21,2026-08-25
SNDK-USDT-SWAP,short,2026-08-25 21:57:23,2026-08-25 21:58:23,1522.27,1510.2,152.227,76.1135,5023.47195275,1.5151572600765328,0.0,1.0,2,1,1,0,,,-0.0,0.7928948215493947,6.035,-0.5458446,5.4891554000000005,7.211802636851544,-19.63495284000001,4.683728,21.316666666666666,21,2026-08-25
FARTCOIN-USDT-SWAP,long,2026-08-26 10:42:49,2026-08-26 11:17:41,0.2051,0.2033,0.040812036311120285,197.81594,5029.1984695599995,3.9333492443639186,180.0,34.86666666666667,6,10,5,1,,,-1.0238907849829282,0.0,-3.68460006,-0.60849894,-4.293099,-2.1702492731374425,0.0,,,10,2026-08-26
STX-USDT-SWAP,long,2026-08-26 10:43:55,2026-08-26 11:15:45,0.2818,0.2761,0.550654309419229,564.14534,4928.64185287,11.446263632880777,1318.0,31.833333333333332,19,24,18,17,,,-3.4066713981547148,0.0,8.603299910000002,-1.9525215500000002,6.650778360000002,1.1789122214498842,-4.293099,,,10,2026-08-26
EDEN-USDT-SWAP,long,2026-08-26 14:15:32,2026-08-26 14:17:09,0.05765,0.0582,0.01153,100.44936,5032.01167208,1.9962068163979219,0.0,1.6166666666666667,6,6,5,0,,,0.0,1.006071118820473,4.919169999999999,-0.26423635,4.654933649999999,4.634109814139183,2.3576793600000023,8.344037669999999,17452.533333333333,14,2026-08-26
EDEN-USDT-SWAP,short,2026-08-26 14:37:10,2026-08-26 14:37:31,0.05535,0.05522,0.01107,10.74897,5036.66660571,0.2134143639329639,0.0,0.35,2,1,1,0,,-3.9895923677363387,-0.0,0.23486901535683113,0.12623,-0.03865085,0.08757915000000001,0.81476783356917,7.012613010000002,4.654933649999999,20.016666666666666,14,2026-08-26
EDEN-USDT-SWAP,short,2026-08-26 14:37:37,2026-08-26 14:38:32,0.05535,0.0552,0.011069999999999998,99.95103,5036.75418486,1.984433353933436,3.0,0.9166666666666666,4,15,3,0,0.0,-3.9895923677363387,-0.0,0.3252032520325354,1.5181900000000002,-0.25432857000000003,1.2638614300000002,1.2644806461724307,7.100192160000001,0.08757915000000001,0.1,14,2026-08-26
EDEN-USDT-SWAP,long,2026-08-26 15:43:34,2026-08-26 16:00:41,0.06089,0.05992,0.011981817044112466,450.61755475,5038.118540449999,8.9441634040979,1005.0,17.116666666666667,29,36,28,24,,,-2.7262276235835103,0.032846115946782994,6.385859779999999,-1.5875051100000004,4.798354669999998,1.0648397115070445,8.364053590000001,1.2638614300000002,65.03333333333333,15,2026-08-26
BICO-USDT-SWAP,long,2026-08-26 23:30:08,2026-08-26 23:31:25,0.02667,0.02673,0.005294082383166656,498.670796,5047.57673677,9.879409903119273,57.0,1.2833333333333334,15,60,14,6,,,-1.4998125234345627,0.3374578177727683,25.640629680000007,-1.4035762999999999,24.237053380000006,4.860331419929393,13.16240826,19.21467894,22289.616666666665,23,2026-08-26
BICO-USDT-SWAP,short,2026-08-27 00:00:39,2026-08-27 00:05:51,0.02348,0.02413,0.004838957010487184,2868.625656,5071.81379049,56.560153319880754,223.0,5.2,105,195,104,100,,-10.62047963456414,-4.684838160136295,-0.0,49.23820912999997,-8.335735389999986,40.90247373999999,1.4258560943442942,0.0,24.237053380000006,29.233333333333334,0,2026-08-27
BICO-USDT-SWAP,long,2026-08-27 08:02:48,2026-08-27 08:03:14,0.02397,0.02415,0.004794,255.175032,5112.7162650400005,4.990987545012994,0.0,0.43333333333333335,8,32,7,0,,,0.0,0.7926574885273263,9.62027,-0.6923100899999998,8.92795991,3.498759200704245,40.90247373999999,40.90247373999999,476.95,8,2026-08-27
ONT-USDT-SWAP,long,2026-08-27 08:13:06,2026-08-27 08:13:24,0.0709,0.07115,0.1418,255.3818,5121.644225,4.9863244844969685,0.0,0.3,6,26,5,0,,,0.0,0.4372355430183328,4.887700000000001,-0.65298317,4.234716830000001,1.6581905327631024,49.83043364999999,2.78529887,2088.8166666666666,8,2026-08-27
ONT-USDT-SWAP,long,2026-08-27 08:16:36,2026-08-27 08:27:27,0.07041,0.06911,0.13819056481040773,1742.03026,5125.878941839999,33.98500588417478,610.0,10.85,37,109,36,34,-0.6911142454160801,-0.6911142454160801,-2.9825308904985137,0.014202528049978014,7.230999490000002,-4.7609793599999986,2.4700201300000035,0.14178973733785794,54.06515047999999,4.234716830000001,3.2,8,2026-08-27
ONT-USDT-SWAP,long,2026-08-27 08:28:05,2026-08-27 08:28:37,0.06973,0.06992,0.13946,251.028,5128.3489625600005,4.894908709072916,3.0,0.5333333333333333,4,7,3,0,1.116589327146178,-1.6502115655853355,0.0,0.30116162340456665,3.6357999999999997,-0.64157675,2.9942232499999997,1.1927845698487818,56.535170609999994,2.4700201300000035,0.6333333333333333,8,2026-08-27
ONT-USDT-SWAP,short,2026-08-27 08:49:56,2026-08-27 08:51:08,0.06391,0.06371,0.12782,230.076,5133.07152022,4.482228605108917,0.0,1.2,2,31,1,0,,-7.73783744766855,-0.0,0.42246909716787684,3.9861,-0.5852588099999999,3.40084119,1.4781381760809473,59.52939385999999,2.9942232499999997,21.316666666666666,8,2026-08-27
ONT-USDT-SWAP,short,2026-08-27 10:14:54,2026-08-27 10:16:26,0.06531,0.06512,0.13058985555555555,235.06174,5137.80641406,4.5751381242534865,0.0,1.5333333333333334,11,6,10,0,,,-0.0,0.3368549992344372,3.34319997,-0.7336862000000001,2.60951377,1.110139731799824,62.93023505,3.40084119,83.76666666666667,10,2026-08-27
BICO-USDT-SWAP,long,2026-08-27 10:18:18,2026-08-27 10:22:14,0.02722,0.02709,0.005401,432.08,5140.41592786,8.405545505728728,62.0,3.933333333333333,20,8,19,19,,,-1.5797207935341673,0.0,7.12745992,-1.31413157,5.81332835,1.345428705332346,65.53974881999999,8.92795991,135.06666666666666,10,2026-08-27
BICO-USDT-SWAP,short,2026-08-27 10:39:04,2026-08-27 10:39:08,0.02573,0.02566,0.005146,205.84,5146.22925629,3.9998218063917617,0.0,0.06666666666666667,2,38,1,0,,-5.473916238060261,-0.0,0.3497862417411568,3.218450000000001,-0.5237333800000002,2.694716620000001,1.3091316653711624,71.35307717,5.81332835,16.833333333333332,10,2026-08-27
BICO-USDT-SWAP,long,2026-08-27 11:02:05,2026-08-27 11:07:00,0.02731,0.02716,0.005425999974999999,434.079998,5148.923972940001,8.430499270940745,242.0,4.916666666666667,40,29,39,24,,6.1406917994558885,-1.354815086049077,0.0,2.6608698899999994,-1.32307363,1.3377962599999995,0.3081911781615885,74.04779378999999,2.694716620000001,22.95,11,2026-08-27
BICO-USDT-SWAP,long,2026-08-27 11:42:16,2026-08-27 11:42:35,0.02986,0.02988,0.005972,238.88,5150.26176932,4.638210846349657,0.0,0.31666666666666665,1,49,0,0,,,0.0,0.13395847287340779,1.25078,-0.60959426,0.64118574,0.2684133204956463,75.38559005,1.3377962599999995,35.266666666666666,11,2026-08-27
BICO-USDT-SWAP,long,2026-08-27 12:00:54,2026-08-27 12:01:06,0.03048,0.03072,0.006095999999999999,243.84,5151.3707485800005,4.733497391295621,1.0,0.2,10,14,9,0,,2.076356329537843,0.0,0.820209973753272,9.606589999999999,-0.6679309099999999,8.938659089999998,3.6657886687992116,76.02677578999999,0.64118574,18.316666666666666,12,2026-08-27
BICO-USDT-SWAP,short,2026-08-27 12:10:27,2026-08-27 12:10:43,0.02977,0.02974,0.005954,238.16,5160.30940767,4.615227134365472,1.0,0.26666666666666666,9,29,8,0,,-0.3014065639651675,-0.0,0.1679543164259334,1.4861000000000002,-0.61615058,0.8699494200000002,0.3652794004030904,84.96543487999999,8.938659089999998,9.35,12,2026-08-27
BICO-USDT-SWAP,short,2026-08-27 12:11:30,2026-08-27 12:11:56,0.02901,0.02894,0.005802000000000001,232.08,5161.17935711,4.496646675924727,0.0,0.43333333333333335,2,44,1,0,-2.552905609674172,-2.8466175485599488,-0.0,0.34470872113063766,3.2413100000000004,-0.59063713,2.65067287,1.1421375689417443,85.8353843,0.8699494200000002,0.7833333333333333,12,2026-08-27
BICO-USDT-SWAP,short,2026-08-27 12:17:47,2026-08-27 12:21:06,0.02808,0.02793,0.0056159999999999995,224.64,5163.83002999,4.350259375218727,0.0,3.316666666666667,19,20,18,0,,-7.874015748031493,-0.0,0.5698005698005715,6.110559999999998,-0.61381447,5.496745529999997,2.446913074252136,88.48605717,2.65067287,5.85,12,2026-08-27
BICO-USDT-SWAP,short,2026-08-27 12:38:36,2026-08-27 12:53:44,0.028,0.02884,0.005775793849676553,2885.67902,5169.3267755199995,55.82311092549803,817.0,15.133333333333333,83,201,82,81,,-5.945582801478,-4.571428571428582,-0.0,21.37461879000001,-8.177644750000004,13.196974040000006,0.4573264714659777,93.9828027,5.496745529999997,17.5,12,2026-08-27
BICO-USDT-SWAP,long,2026-08-27 14:14:30,2026-08-27 14:34:16,0.02977,0.02902,0.005791776215384616,752.930908,5184.7857992300005,14.52192891192957,1139.0,19.766666666666666,109,62,108,86,,,-3.862949277796446,0.03359086328518224,9.212369640000004,-2.5046206799999995,6.707748960000004,0.8908850584733871,107.17977674,13.196974040000006,80.76666666666667,14,2026-08-27
BICO-USDT-SWAP,short,2026-08-27 14:43:38,2026-08-27 14:48:24,0.02744,0.02824,0.005642965999999999,564.2966,5191.49354847,10.869638856939453,215.0,4.766666666666667,86,67,85,85,,-7.826671145448449,-5.029154518950429,-0.0,-1.6915399999999998,-1.7303415700000002,-3.42188157,-0.6063976940495477,113.8875257,6.707748960000004,9.366666666666667,14,2026-08-27
BICO-USDT-SWAP,short,2026-08-27 14:50:11,2026-08-27 14:50:42,0.02805,0.02792,0.00561,56.1,5188.071667069999,1.0813266199863982,0.0,0.5166666666666667,1,24,0,0,0.25017869907075774,-3.6744505494505586,-0.0,0.4991087344028422,1.3307600000000002,-0.14257592,1.18818408,2.1179751871657757,110.46564413,-3.42188157,1.7833333333333334,14,2026-08-27
BICO-USDT-SWAP,short,2026-08-27 14:52:03,2026-08-27 14:52:12,0.02728,0.02684,0.005456,30.886416,5189.25985115,0.5951988700884812,0.0,0.15,3,6,2,0,-3.7402964008468653,-6.318681318681318,-0.0,1.6129032258064502,2.49084,-0.11029440000000001,2.3805456,7.707419339297897,111.65382821,1.18818408,1.35,14,2026-08-27
BICO-USDT-SWAP,short,2026-08-27 18:22:35,2026-08-27 18:23:26,0.0273,0.02737,0.005495,219.8,5192.43342883,4.233082677181806,37.0,0.85,8,6,7,3,,,-1.2820512820512775,-0.0,4.2,-0.60515248,3.59484752,1.635508425841674,114.03437381,2.3805456,210.38333333333333,18,2026-08-27
BICO-USDT-SWAP,long,2026-08-27 18:33:49,2026-08-27 18:34:10,0.02792,0.02805,0.0055839999999999996,111.68,5196.02827636,2.1493339539375214,0.0,0.35,21,1,20,0,,2.271062271062263,0.0,0.46561604584527405,2.6,-0.40298396999999997,2.1970160300000003,1.967242147206304,117.62922133000001,3.59484752,10.383333333333333,18,2026-08-27
BICO-USDT-SWAP,short,2026-08-27 18:50:37,2026-08-27 18:51:29,0.02768,0.02747,0.005536,110.72,5198.22529237,2.1299577023434475,0.0,0.8666666666666667,2,2,1,0,,1.391941391941387,-0.0,0.7947976878612817,4.34219,-0.28077282000000003,4.06141718,3.668187481936416,119.82623736,2.1970160300000003,16.45,18,2026-08-27
BICO-USDT-SWAP,short,2026-08-27 23:16:44,2026-08-27 23:17:33,0.02587,0.02577,0.005174,103.48,5202.520390340001,1.9890359332784329,0.0,0.8166666666666667,1,4,0,0,,,-0.0,0.42520293776574514,2.0329500000000005,-0.37179614000000005,1.6611538600000004,1.6052897758020879,123.88765454,4.06141718,265.25,23,2026-08-27
TRUMP-USDT-SWAP,long,2026-08-27 23:21:27,2026-08-27 23:30:47,2.637,2.626,0.05240746441617332,416.06286,5204.1815442,7.9947798989391,528.0,9.333333333333334,10,2,9,5,,,-1.2514220705346912,0.0,4.46709999,-1.4023156600000002,3.06478433,0.7366156955225468,125.5488084,11.23131999,3739.4166666666665,23,2026-08-27
CHIP-USDT-SWAP,short,2026-08-28 00:42:17,2026-08-28 00:43:22,0.04104,0.04105,0.8208,103.4208,5207.24632853,1.9860938675661917,0.0,1.0833333333333333,1,8,0,0,,,-0.02436647173489348,-0.0,-0.082,-0.26375255999999997,-0.34575256,-0.33431626906773104,0.0,,,0,2026-08-28
TRUMP-USDT-SWAP,long,2026-08-28 08:18:15,2026-08-28 08:19:10,2.604,2.63,0.05208,259.77504,5207.3788875,4.988594945982793,0.0,0.9166666666666666,1,2,0,0,,,0.0,0.9984639016896946,12.9688,-0.9398589099999999,12.02894109,4.630522274195396,-0.3457525599999993,3.06478433,527.4666666666667,8,2026-08-28
ENA-USDT-SWAP,long,2026-08-28 09:37:27,2026-08-28 09:40:11,0.1864,0.18771,0.3728,260.2144,5219.4078285900005,4.985515762432685,0.0,2.7333333333333334,3,14,2,0,,,0.0,0.7242489270386177,9.2504,-0.6786200699999999,8.571779930000002,3.294122050893418,11.683188529999999,11.08168577,10039.35,9,2026-08-28
ENA-USDT-SWAP,short,2026-08-28 09:49:08,2026-08-28 09:49:19,0.18435,0.18372,0.3687,258.09,5228.14147312,4.936553483239609,0.0,0.18333333333333332,4,27,3,0,,-1.0997854077253177,-0.0,0.3742880390561587,4.6561,-0.6587760899999996,3.997323910000001,1.5488100701305751,20.25496846,8.571779930000002,8.95,9,2026-08-28
TRUMP-USDT-SWAP,short,2026-08-28 10:06:16,2026-08-28 10:07:06,2.774,2.762,0.05548,261.08888,5232.1387970000005,4.990098507128728,0.0,0.8333333333333334,2,17,1,0,,,-0.0,0.43258832011535686,5.6472,-0.93788696,4.70931304,1.8037202656811733,24.252292370000006,12.02894109,107.1,10,2026-08-28
ENA-USDT-SWAP,short,2026-08-28 10:18:50,2026-08-28 10:20:28,0.18216,0.18148,0.36432,255.024,5236.84811002,4.86979944123348,1.0,1.6333333333333333,3,10,2,0,,-1.1879576891782095,-0.0,0.3897672375933192,4.8495,-0.6600414600000001,4.1894585399999995,1.6427703039713908,28.96160541,3.997323910000001,29.516666666666666,10,2026-08-28
ENA-USDT-SWAP,short,2026-08-28 10:34:15,2026-08-28 10:37:16,0.17555,0.17468,0.35109999999999997,245.77,5241.03756857,4.68933864305532,1.0,3.0166666666666666,3,22,2,0,,-3.62867808519981,-0.0,0.5126744517231607,6.1168999999999984,-0.6359397400000002,5.480960259999998,2.2301176954062734,33.15106395,4.1894585399999995,13.783333333333333,10,2026-08-28
ENA-USDT-SWAP,long,2026-08-28 11:06:29,2026-08-28 11:11:50,0.16758,0.16579,0.3310771885714286,1158.77016,5246.76057982,22.08544000381572,233.0,5.35,18,39,17,15,,-4.048096192384765,-1.7961570593149623,0.0,9.50999978,-3.2645087199999985,6.245491060000001,0.5389758276136487,38.632024210000004,5.480960259999998,29.216666666666665,11,2026-08-28
TRUMP-USDT-SWAP,long,2026-08-28 12:15:29,2026-08-28 12:17:04,2.754,2.78,0.055080000000000004,247.86,5253.415245599999,4.718073641857938,0.0,1.5833333333333333,1,1,0,0,,,0.0,0.9440813362382006,11.7,-0.896508,10.803491999999999,4.358707334785765,44.877515269999996,4.70931304,128.38333333333333,12,2026-08-28
EDEN-USDT-SWAP,short,2026-08-28 15:23:40,2026-08-28 15:27:26,0.06714,0.06779,0.013568949476971638,808.125924,5264.95342238,15.34915618749558,128.0,3.7666666666666666,45,1,44,42,,,-1.7575215966636915,-0.0,3.26059,-2.3679285599999997,0.8926614400000004,0.11046068607495883,55.68100727,4.798354669999998,2842.983333333333,15,2026-08-28
EDEN-USDT-SWAP,short,2026-08-28 15:27:38,2026-08-28 15:28:08,0.06803,0.06799,0.013603372899999997,272.067458,5265.84608384,5.166642808549408,0.0,0.5,14,36,13,0,1.325588322907345,1.325588322907345,-0.0,0.13229457592237592,0.7361498000000001,-0.9666685400000001,-0.23051874000000006,-0.08472852346788202,56.57366871,0.8926614400000004,0.2,15,2026-08-28
EDEN-USDT-SWAP,short,2026-08-28 15:35:04,2026-08-28 15:43:26,0.0674,0.06802,0.013628671375714767,162.07216,5265.615565280001,3.0779337760367196,381.0,8.366666666666667,13,32,12,9,,0.38725052129877646,-1.7655786350148306,-0.0,1.73893978,-0.5252181399999999,1.2137216400000002,0.7488773148947976,56.34314997,-0.23051874000000006,6.933333333333334,15,2026-08-28
EDEN-USDT-SWAP,short,2026-08-28 20:16:02,2026-08-28 20:16:10,0.06982,0.06957,0.013962283395094404,79.12426,5267.5506543500005,1.5021072447525177,1.0,0.13333333333333333,10,25,9,0,,,-0.0,0.38670867946146714,1.4281098599999997,-0.21409669000000006,1.2140131699999996,1.53431219451531,57.556871609999995,1.2137216400000002,272.6,20,2026-08-28
SNDK-USDT-SWAP,long,2026-08-28 21:36:09,2026-08-28 21:36:45,1450.99,1463.67,145.099,72.5495,5268.7646676800005,1.376973628088532,0.0,0.6,1,2,0,0,,,0.0,0.8738861053487756,6.34,-0.5246388,5.8153612,8.015715063508363,58.77088478,5.4891554000000005,4297.766666666666,21,2026-08-28
DOS-USDT-SWAP,short,2026-08-29 10:47:44,2026-08-29 10:55:13,0.2916,0.2895,0.5831999999999999,263.0232,5274.61870921,4.9865822441484875,1.0,7.483333333333333,10,7,9,0,,,-0.0,0.7544581618655788,9.491,-0.6672923999999999,8.8237076,3.3547259709409674,0.0,6.037127049999999,25105.116666666665,10,2026-08-29
DOS-USDT-SWAP,short,2026-08-29 11:01:25,2026-08-29 11:02:02,0.2821,0.2802,0.5640217777777777,253.8098,5283.4424168099995,4.803871793746993,0.0,0.6166666666666667,10,2,9,0,,-3.2578875171467736,-0.0,0.8862105636299189,8.268999990000001,-0.91073844,7.358261550000001,2.899124285193086,8.823707599999999,8.8237076,6.2,11,2026-08-29
DOS-USDT-SWAP,short,2026-08-29 11:04:37,2026-08-29 11:10:39,0.283,0.2821,0.566,254.7,5290.800678369999,4.814016166612961,0.0,6.033333333333333,4,10,3,0,0.31903580290675304,-2.9492455418381525,-0.0,0.35335689045936647,4.494999999999999,-0.9153017999999999,3.5796981999999993,1.4054566941499802,16.18196915,7.358261550000001,2.5833333333333335,11,2026-08-29
DOS-USDT-SWAP,short,2026-08-29 12:08:14,2026-08-29 12:09:10,0.2847,0.2832,0.5694,256.23,5294.591133260001,4.839467176046762,0.0,0.9333333333333333,1,7,0,0,,,-0.0,0.5619950825430209,6.751,-0.9199976400000001,5.83100236,2.275690730983882,19.761667350000003,3.5796981999999993,57.583333333333336,12,2026-08-29
TRUMP-USDT-SWAP,long,2026-08-29 12:26:28,2026-08-29 12:30:30,2.977,3.006,0.05953999999999999,264.53622,5300.4221356200005,4.990851921439587,0.0,4.033333333333333,4,4,3,0,,,0.0,0.9741350352703959,12.8847,-0.95696888,11.92773112,4.508921734800626,25.59266971,10.803491999999999,1449.4,12,2026-08-29
BEAT-USDT-SWAP,short,2026-08-29 14:00:11,2026-08-29 14:02:21,0.1505,0.1526,0.3053492200227632,1368.23932,5312.67843993,25.754228031501707,105.0,2.1666666666666665,85,31,84,61,,,-2.7906976744186185,0.0664451827242507,5.435799940000001,-4.89795487,0.5378450700000004,0.03930928326193698,37.52040083,-4.457842200000001,5447.65,14,2026-08-29
BEAT-USDT-SWAP,short,2026-08-29 14:12:11,2026-08-29 14:14:31,0.1502,0.1518,0.30326666666666663,727.84,5313.21628507,13.698670653502504,106.0,2.3333333333333335,51,68,50,34,,-0.19933554817275212,-1.5978695073235683,-0.0,-3.71180025,-2.365192310000001,-6.076992560000001,-0.8349352275225325,38.0582459,0.5378450700000004,9.833333333333334,14,2026-08-29
BEAT-USDT-SWAP,short,2026-08-29 14:14:54,2026-08-29 14:15:14,0.1508,0.15,0.30160000000000003,241.28,5307.13929282,4.546328759948441,0.0,0.3333333333333333,23,33,22,0,0.3994673768308754,0.19933554817275212,-0.0,0.5968169761273123,6.5946,-0.7900407300000002,5.8045592699999995,2.4057357717175063,31.981253340000002,-6.076992560000001,0.38333333333333336,14,2026-08-29
BEAT-USDT-SWAP,short,2026-08-29 14:18:09,2026-08-29 14:21:40,0.1428,0.1452,0.29071428571428576,1628.0,5312.94385209,30.642145773092995,64.0,3.5166666666666666,46,53,45,45,-6.114398422090728,-5.116279069767426,-3.081232492997188,-0.0,6.8357998,-5.3669391300000004,1.4688606699999998,0.09022485687960687,37.78581261,5.8045592699999995,2.9166666666666665,14,2026-08-29
ZKP-USDT-SWAP,short,2026-08-29 23:37:04,2026-08-29 23:40:02,0.05033,0.05001,0.10066,266.04438,5317.130953729999,5.003532587689386,0.0,2.966666666666667,4,37,3,0,,,-0.0,0.7152791575601003,8.584599999999998,-0.6952986899999998,7.889301309999999,2.9654079932077493,39.25467328,,,23,2026-08-29
ZKP-USDT-SWAP,long,2026-08-29 23:43:38,2026-08-29 23:43:45,0.05146,0.0518,0.10292,267.592,5325.02025504,5.025182763328098,0.0,0.11666666666666667,3,1,2,0,2.9817890734440633,2.2451818001192114,0.0,0.660707345511069,8.84,-0.7617285300000001,8.07827147,3.0188763004873094,47.14397459,7.889301309999999,3.6,23,2026-08-29
ZKP-USDT-SWAP,short,2026-08-30 00:07:03,2026-08-30 00:17:14,0.04917,0.04946,0.0992239036973345,692.3844,5333.0985265,12.982779083483337,247.0,10.183333333333334,12,37,11,10,,-2.3047883965825577,-1.7083587553386126,-0.0,12.601799809999992,-1.81930948,10.782490329999993,1.5572982767953745,0.0,8.07827147,23.3,0,2026-08-30
ZKP-USDT-SWAP,long,2026-08-30 09:00:46,2026-08-30 09:00:56,0.05854,0.05895,0.11708,117.08,5343.88101707,2.190917043736761,0.0,0.16666666666666666,1,1,0,0,,,0.0,0.7003758114110026,4.1,-0.30003,3.7999699999999996,3.245618380594465,10.782490329999993,10.782490329999993,523.5333333333333,9,2026-08-30
ZKP-USDT-SWAP,short,2026-08-30 09:05:12,2026-08-30 09:06:06,0.05922,0.05897,0.11902000000000001,238.04,5347.68098707,4.4512752457663405,12.0,0.9,9,14,8,6,,,-0.9793988517392771,0.47281323877068626,11.044400000000001,-0.64057442,10.403825580000001,4.370620727608806,14.582460329999991,3.7999699999999996,4.266666666666667,9,2026-08-30
ZORA-USDT-SWAP,long,2026-08-31 21:24:32,2026-08-31 21:26:56,0.0093,0.009238,0.030999999999999996,267.809,5358.8563728,4.9975028507821335,0.0,2.4,10,14,9,0,,,-0.6666666666666599,0.0,-5.207380000000001,-0.4492766999999999,-5.6566567,-2.1121981337445717,0.0,,,21,2026-08-31
SNDK-USDT-SWAP,long,2026-08-31 21:34:24,2026-08-31 21:41:13,1512.92,1523.03,151.292,75.646,5353.19971609,1.4130987822597465,0.0,6.816666666666666,1,3,0,0,,,0.0,0.6682441900430991,5.055,-0.3876144,4.667385599999999,6.170036221346799,-5.6566567,5.8153612,4317.65,21,2026-08-31
ZORA-USDT-SWAP,long,2026-08-31 21:53:12,2026-08-31 22:01:06,0.009339,0.009238,0.01846289431438127,883.264864,5357.86710169,16.485382097689527,363.0,7.9,24,149,23,22,,0.4193548387096957,-1.7989078059749364,0.0,5.204989149999998,-2.5565047000000014,2.648484449999996,0.29985167054035516,-0.9892711000000007,-5.6566567,26.266666666666666,21,2026-08-31
ZORA-USDT-SWAP,long,2026-08-31 22:24:08,2026-08-31 22:24:34,0.009636,0.009677,0.01927388116666667,231.286574,5378.650781380001,4.300085344835472,0.0,0.43333333333333335,6,28,5,0,,4.240588489831243,0.0,0.47737650477375215,4.904269859999999,-0.6997355800000001,4.204534279999999,1.81788947247755,1.6592133499999955,2.648484449999996,23.033333333333335,22,2026-08-31
0G-USDT-SWAP,long,2026-09-01 08:59:25,2026-09-01 09:01:42,0.2417,0.2437,0.04834,268.7704,5383.7388137,4.992262984899267,1.0,2.283333333333333,4,4,3,0,,,0.0,0.8688456764584185,11.450699999999998,-0.8351086199999999,10.615591379999998,3.94968768138158,0.0,,,8,2026-09-01
0G-USDT-SWAP,short,2026-09-01 09:16:06,2026-09-01 09:19:42,0.2402,0.2416,0.04844652267047484,814.19226,5394.35440509,15.093414315376558,133.0,3.6,16,38,15,12,,-0.6206040546131608,-1.290591174021638,-0.0,11.994399840000003,-2.55591199,9.438487850000003,1.1592455877681769,10.615591379999996,10.615591379999998,14.4,9,2026-09-01
ZORA-USDT-SWAP,long,2026-09-01 09:42:33,2026-09-01 09:52:06,0.008771,0.008629,0.017259380479191445,2336.108926,5403.79289313,43.23091155047714,470.0,9.55,65,170,64,62,,,-2.485463459126658,0.0,9.39133904,-6.805961190000012,2.585377849999988,0.11067026118627091,20.05407923,4.204534279999999,677.9833333333333,9,2026-09-01
ZORA-USDT-SWAP,long,2026-09-01 09:52:14,2026-09-01 09:57:44,0.008641,0.008669,0.017282000000000002,259.23,5406.37827198,4.794892013818728,0.0,5.5,5,27,4,0,0.0,-1.4821571086535146,0.0,0.3819002430274221,4.35861,-0.7122351800000001,3.6463748199999997,1.4066176059869613,22.63945707999999,2.585377849999988,0.13333333333333333,9,2026-09-01
ARB-USDT-SWAP,short,2026-09-01 10:01:05,2026-09-01 10:05:13,0.11282,0.11197,0.22564000000000003,269.775184,5410.0246468,4.986579574264428,0.0,4.133333333333334,1,16,0,0,,,-0.0,0.7800035454706644,10.316049999999999,-0.6842129500000002,9.631837049999998,3.5703198890228527,26.285831899999987,,,10,2026-09-01
0G-USDT-SWAP,long,2026-09-01 10:26:36,2026-09-01 10:32:43,0.2553,0.2542,0.050800000000000005,568.96,5419.71899183,10.497961256989218,329.0,6.116666666666666,13,10,12,5,,,-1.0184097140619075,0.0,2.6974999,-1.88251084,0.81498906,0.14324189046681665,35.917668949999985,9.438487850000003,66.9,10,2026-09-01
0G-USDT-SWAP,short,2026-09-01 10:38:04,2026-09-01 10:39:04,0.2476,0.2461,0.04952,247.6,5420.533981,4.567815659266873,0.0,1.0,3,9,2,0,,-3.0160595377986876,-0.0,0.6058158319870666,7.5,-0.8886600199999999,6.61133998,2.6701696203554124,36.732658009999994,0.81498906,5.35,10,2026-09-01
0G-USDT-SWAP,short,2026-09-01 13:20:06,2026-09-01 13:30:47,0.2353,0.2377,0.04749429757085021,938.48732,5429.63413333,17.284540669859553,497.0,10.683333333333334,29,42,28,19,,,-1.5724606884827796,-0.0,-2.7926002799999994,-3.11522285,-5.907823129999999,-0.6295048429636746,43.343997989999984,6.61133998,161.03333333333333,13,2026-09-01
0G-USDT-SWAP,short,2026-09-01 13:38:13,2026-09-01 13:40:12,0.2353,0.2347,0.047060000000000005,268.242,5423.72631053,4.945714157427457,0.0,1.9833333333333334,1,12,0,0,,0.0,-0.0,0.2974925626859304,3.4275,-0.9644372900000001,2.46306271,0.918224107335913,37.43617485999999,-5.907823129999999,7.433333333333334,13,2026-09-01
USELESS-USDT-SWAP,long,2026-09-01 13:42:04,2026-09-01 13:56:31,0.09433,0.09364,0.18729378873708766,562.06866,5426.1893732300005,10.358441649179346,813.0,14.45,10,54,9,9,,,-1.0813102936499397,0.0,0.7099997000000001,-1.4852252599999998,-0.7752255599999996,-0.1379236408591078,39.89923756999999,,,13,2026-09-01
USELESS-USDT-SWAP,short,2026-09-01 14:02:05,2026-09-01 14:13:09,0.09208,0.09283,0.18570787333333333,557.12362,5425.414148000001,10.268775890691687,602.0,11.066666666666666,12,71,11,8,,-2.385243294816075,-1.2923544743701276,-0.0,1.7518997699999999,-1.5881787300000003,0.16372103999999954,0.029386842367228938,39.12401200999999,-0.7752255599999996,5.566666666666666,14,2026-09-01
0G-USDT-SWAP,short,2026-09-01 14:36:36,2026-09-01 14:45:11,0.2354,0.2381,0.04787420794603285,2441.29736,5425.5778693,44.99608002704738,219.0,8.583333333333334,74,40,73,68,,,-2.421410365335608,-0.0,27.976499720000003,-7.035889170000001,20.940610550000002,0.8577656656295242,39.287733049999986,2.46306271,56.4,14,2026-09-01
BICO-USDT-SWAP,long,2026-09-02 09:22:38,2026-09-02 09:28:08,0.02273,0.02268,0.004521760152220721,541.824432,5449.18101192,9.943226896202702,153.0,5.5,21,50,20,20,,,-1.0998680158381013,0.0,8.93500967,-1.6682170599999993,7.26679261,1.341171084363357,0.0,1.6611538600000004,7805.083333333333,9,2026-09-02
BEAT-USDT-SWAP,long,2026-09-02 10:07:34,2026-09-02 10:07:54,0.1376,0.1386,0.2752,272.3104,5456.4478048,4.990616784796336,1.0,0.3333333333333333,5,6,4,0,,,0.0,0.7267441860465018,9.895,-0.9302197799999999,8.96478022,3.2921181930620347,7.266792610000001,1.4688606699999998,5505.9,10,2026-09-02
BEAT-USDT-SWAP,short,2026-09-02 11:02:50,2026-09-02 11:03:03,0.1289,0.126,0.2576906601189914,272.86864,5465.41258504,4.992644850763869,0.0,0.21666666666666667,9,4,8,0,,,-0.0,2.3273855702094504,31.18539999,-0.97110036,30.21429963,11.072836962869752,16.231572830000005,8.96478022,54.93333333333333,11,2026-09-02
UNI-USDT-SWAP,long,2026-09-02 14:38:29,2026-09-02 14:46:25,6.281,6.246,1.2562,273.8516,5496.25166452,4.982515661860911,1.0,7.933333333333334,7,1,6,0,,,-0.5572361088998501,0.0,-7.63,-0.9778429200000001,-8.60784292,-3.1432509139986764,46.445872460000004,,,14,2026-09-02
UNI-USDT-SWAP,long,2026-09-02 14:47:59,2026-09-02 14:55:02,6.287,6.296,1.2573999999999999,272.8558,5487.6438216,4.972184946224243,0.0,7.05,7,3,6,0,,0.09552619009711716,0.0,0.14315253698107266,1.953,-0.7519367100000001,1.20106329,0.4401824296936331,37.83802954,-8.60784292,1.5666666666666667,14,2026-09-02
LA-USDT-SWAP,long,2026-09-02 14:51:02,2026-09-02 14:59:33,0.06323,0.0626,0.1257698348533399,510.24822,5214.52792841,9.78512776238181,452.0,8.516666666666667,3,53,2,2,,,-1.1070694290684635,0.0,-10.897000280000004,-1.3570887799999996,-12.254089060000004,-2.401593691007879,39.03909283,12.004653509999995,57868.63333333333,14,2026-09-02
LA-USDT-SWAP,long,2026-09-02 14:59:38,2026-09-02 15:03:43,0.06281,0.06332,0.12562,251.24,5476.59079611,4.587525512741517,0.0,4.083333333333333,5,25,4,0,0.44778506316969224,-0.664241657441067,0.0,0.8597357108740544,10.272399999999998,-0.7141357000000003,9.558264299999998,3.804435718834579,26.785003769999996,-12.254089060000004,0.08333333333333333,14,2026-09-02
USELESS-USDT-SWAP,long,2026-09-02 15:38:34,2026-09-02 15:56:02,0.11754,0.11678,0.2330957999999999,1118.85984,5486.14906042,20.394266136005136,870.0,17.466666666666665,16,68,15,13,,,-1.4378084056491547,0.0,12.547699319999996,-2.8915759200000006,9.656123399999995,0.863032442025982,36.34326806999999,0.16372103999999954,1525.4166666666667,15,2026-09-02
USELESS-USDT-SWAP,short,2026-09-02 16:48:59,2026-09-02 16:49:30,0.11145,0.11103,0.22290000000000001,222.9,5497.004699200001,4.054935591240071,0.0,0.5166666666666667,5,19,4,0,,,-0.0,0.4127411395244418,4.2634,-0.56686018,3.69653982,1.6583848452220724,45.99939146999999,9.656123399999995,52.95,16,2026-09-02
USELESS-USDT-SWAP,long,2026-09-02 19:58:05,2026-09-02 20:00:00,0.10418,0.10475,0.2083740380228137,274.01186,5500.80360861,4.981305996293152,0.0,1.9166666666666667,6,21,5,0,,,0.0,0.5855250527932343,7.620399829999999,-0.80867686,6.811722969999999,2.485922678675295,49.69593128999999,3.69653982,188.58333333333334,19,2026-09-02
SNDK-USDT-SWAP,long,2026-09-02 21:35:05,2026-09-02 21:39:15,1556.4,1558.63,155.64,155.64,5507.67276926,2.8258759465281647,0.0,4.166666666666667,2,2,1,0,,,0.0,0.1432793626317208,2.23,-0.7945668,1.4354331999999999,0.922277820611668,56.50765425999999,4.667385599999999,2873.866666666667,21,2026-09-02
SNDK-USDT-SWAP,short,2026-09-02 21:51:06,2026-09-02 21:51:24,1556.25,1551.27,155.625,155.625,5509.10820246,2.8248673701944766,0.0,0.3,2,5,1,0,,-0.009637625289138363,-0.0,0.3257831325301219,4.982419999999999,-1.11870633,3.863713669999999,2.4827075791164654,57.94308745999999,1.4354331999999999,11.85,21,2026-09-02
ARB-USDT-SWAP,long,2026-09-03 10:14:41,2026-09-03 10:16:57,0.12747,0.12797,0.25493999999999994,275.182236,5513.59814796,4.990973745553362,3.0,2.2666666666666666,8,17,7,0,,,0.0,0.4157841060641765,5.52221,-0.77814645,4.74406355,1.7239715829622086,0.0,9.631837049999998,2889.4666666666667,10,2026-09-03
CAP-USDT-SWAP,short,2026-09-03 10:53:15,2026-09-03 10:53:52,0.06998,0.06981,1.3996,274.3216,5518.34221151,4.971087139681694,7.0,0.6166666666666667,5,23,4,0,,,-0.0,0.34295513003715916,3.8689999999999998,-0.7054751399999998,3.16352486,1.1532175592443323,4.74406355,5.0704999399999995,34257.95,10,2026-09-03
USELESS-USDT-SWAP,short,2026-09-03 11:01:03,2026-09-03 11:02:00,0.12989,0.1293,0.25978,275.3668,5521.50573637,4.987168593997228,0.0,0.95,2,26,1,0,,,-0.0,0.5081222572946298,6.4045999999999985,-0.7042439800000001,5.700356019999998,2.0700956033915485,7.90758841,6.811722969999999,901.05,11,2026-09-03
CP-USDT-SWAP,long,2026-09-03 11:11:40,2026-09-03 11:13:49,0.0418,0.04158,1.39333333,1.39333333,5527.20609238,0.025208637179657514,0.0,2.15,1,1,0,0,,,-0.5263157894736747,0.0,-0.022,-0.0030016799999999996,-0.02500168,-1.7943789516611934,13.607944429999998,,,11,2026-09-03
EDGE-USDT-SWAP,long,2026-09-03 11:16:11,2026-09-03 11:17:10,0.4629,0.4669,0.9258000000000002,275.8884,5527.1810907,4.99148472743562,0.0,0.9833333333333333,3,10,2,0,,,0.0,0.9505292719809821,12.346999999999998,-0.7215696,11.625430399999997,4.213816311233092,13.582942749999996,5.3083559,78900.06666666667,11,2026-09-03
USELESS-USDT-SWAP,long,2026-09-03 13:31:15,2026-09-03 13:34:29,0.13757,0.13893,0.27518703187251,276.28778,5539.33197065,4.987745480211392,0.0,3.2333333333333334,10,8,9,0,,,0.0,1.0249327615032389,13.685299969999999,-0.8594171200000001,12.82588285,4.642218649699237,25.208373149999993,5.700356019999998,149.25,13,2026-09-03
USELESS-USDT-SWAP,long,2026-09-03 13:41:08,2026-09-03 13:44:48,0.14433,0.14457,0.2864416808510638,807.76554,5552.157853539999,14.548677492751343,117.0,3.6666666666666665,17,19,16,12,,4.913862033873673,-1.3718561629598947,0.2355712603062221,28.01969991,-2.489150890000001,25.53054902,3.1606385461801203,38.034256,12.82588285,6.65,13,2026-09-03
USELESS-USDT-SWAP,long,2026-09-03 14:04:04,2026-09-03 14:04:08,0.14691,0.14835,0.29386377999999996,293.86378,5577.68840266,5.2685585637924195,0.0,0.06666666666666667,14,6,13,0,,5.7058569578356755,0.0,1.04826083997005,14.458499940000001,-1.0631146700000003,13.39538527,4.558365535895577,63.56480502,25.53054902,19.266666666666666,14,2026-09-03
USELESS-USDT-SWAP,short,2026-09-03 15:20:02,2026-09-03 15:20:23,0.15002,0.14968,0.299985975,239.98878,5591.67194797,4.2918966318674245,0.0,0.35,12,31,11,0,,,-0.0,0.2866284495400495,2.79399993,-0.86295378,1.93104615,0.8046401794283884,76.96019029,13.39538527,75.9,15,2026-09-03
USELESS-USDT-SWAP,short,2026-09-03 15:21:08,2026-09-03 15:29:28,0.14754,0.15053,0.30148191813116165,2813.42926,5593.6029942000005,50.297263908740774,393.0,8.333333333333334,65,81,64,62,-1.653112918277555,-1.653112918277555,-3.348244543852519,-0.0,25.882099619999995,-7.90409928,17.978000339999994,0.6390066597942468,78.89123644,1.93104615,0.75,15,2026-09-03
USELESS-USDT-SWAP,short,2026-09-03 15:59:33,2026-09-03 16:00:26,0.14556,0.14503,0.29112,232.896,5611.764086900001,4.150138822543665,0.0,0.8833333333333333,3,16,2,0,,,-0.0,0.4053311349271782,4.386900000000001,-0.6026985100000001,3.7842014900000005,1.6248460643377305,96.86923677999998,17.978000339999994,30.083333333333332,15,2026-09-03
EDGE-USDT-SWAP,short,2026-09-03 16:21:31,2026-09-03 16:22:07,0.5193,0.517,1.0386,279.3834,5614.75208716,4.975881315203625,1.0,0.6,10,12,9,0,,,-0.0,0.46216060080876975,6.26,-0.74943315,5.51056685,1.9724031026897089,100.65343826999998,11.625430399999997,304.35,16,2026-09-03
CHIP-USDT-SWAP,short,2026-09-03 19:10:13,2026-09-03 19:14:19,0.04999,0.05014,1.0052,562.912,5622.07331416,10.012533962910537,210.0,4.1,14,42,13,7,,,-1.0802160432086483,-0.0,7.52,-1.5398990400000006,5.980100959999999,1.062350946506736,106.16400511999998,-0.34575256,9746.85,19,2026-09-03
USELESS-USDT-SWAP,long,2026-09-03 20:31:21,2026-09-03 20:37:51,0.16067,0.15897,0.3169974728416237,554.42858,5628.05341512,9.851160589743241,279.0,6.5,18,22,17,16,,,-2.2592892263645914,0.0,8.5720999,-1.6639862500000002,6.908113649999999,1.2459880134606334,112.14410607999999,3.7842014900000005,270.9166666666667,20,2026-09-03
USELESS-USDT-SWAP,long,2026-09-03 22:18:59,2026-09-03 22:19:01,0.16299,0.16488,0.32598000000000005,112.13712,5635.538680340001,1.9898207848559137,0.0,0.03333333333333333,2,3,1,0,,,0.0,1.1718510338057486,6.5018,-0.28829031000000005,6.21350969,5.540992750660977,119.05221972999999,6.908113649999999,101.13333333333334,22,2026-09-03
USELESS-USDT-SWAP,long,2026-09-03 22:43:38,2026-09-03 22:44:58,0.18442,0.1833,0.3657380082987552,440.7143,5641.75219004,7.811656470449748,54.0,1.3333333333333333,32,15,31,23,,13.14804589238603,-1.3284893178614032,0.0,5.51659991,-1.3008447799999998,4.21575513,0.9565732561888733,125.26572941999997,6.21350969,24.616666666666667,22,2026-09-03
USELESS-USDT-SWAP,short,2026-09-03 23:05:19,2026-09-03 23:06:44,0.17704,0.17792,0.35664,320.976,5645.96794529,5.685048216891946,33.0,1.4166666666666667,7,43,6,6,,-4.001735169721288,-1.2087663804789983,-0.0,3.9907000000000004,-0.8354879,3.1552121000000004,0.983005614126913,129.48148454999998,4.21575513,20.35,23,2026-09-03
USELESS-USDT-SWAP,short,2026-09-04 08:59:04,2026-09-04 09:04:23,0.201,0.20419,0.40898622738440926,1831.03134,5649.73150868,32.40917443929652,261.0,5.316666666666666,32,108,31,28,,,-2.5820895522387977,-0.0,18.212399399999995,-4.8350539600000015,13.377345439999994,0.7305907412813586,0.0,3.1552121000000004,592.3333333333334,8,2026-09-04
USELESS-USDT-SWAP,long,2026-09-04 09:08:56,2026-09-04 09:09:00,0.20776,0.20867,0.41563117142857137,290.94182,5663.108854790001,5.137492982391008,0.0,0.06666666666666667,11,10,10,0,1.868104927678349,3.3631840796019885,0.0,0.4668848671544046,6.180299939999999,-1.04961548,5.1306844599999994,1.763474381235396,13.377345439999994,13.377345439999994,4.55,9,2026-09-04
USELESS-USDT-SWAP,short,2026-09-04 09:18:05,2026-09-04 09:20:28,0.20209,0.20327,0.4073149428571428,855.36138,5668.239539339999,15.090424003139377,97.0,2.3833333333333333,11,137,10,7,,0.5422885572139213,-1.2717106239794163,0.004948290365669461,10.156799479999993,-2.3626299699999986,7.794169509999994,0.9112136334703343,18.50802989999999,5.1306844599999994,9.083333333333334,9,2026-09-04
USELESS-USDT-SWAP,long,2026-09-04 09:38:51,2026-09-04 09:46:42,0.20863,0.20741,0.41415727619047615,869.73028,5676.03370945,15.32285262069516,395.0,7.85,17,70,16,13,,0.41875240662303526,-1.3372956909361133,0.014379523558449847,8.117799600000003,-2.6741176600000025,5.443681940000001,0.6259046126346206,26.30219940999999,7.794169509999994,18.383333333333333,9,2026-09-04
USELESS-USDT-SWAP,long,2026-09-04 09:49:35,2026-09-04 09:50:53,0.213,0.21279,0.4241317803660566,509.8064,5681.47739174,8.973130839897042,53.0,1.3,23,22,22,3,3.478429848425968,4.07505130460275,-0.9107981220657257,0.04225352112676717,8.838899869999999,-1.83848508,7.000414789999999,1.373151610101403,31.745881349999983,5.443681940000001,2.8833333333333333,9,2026-09-04
USELESS-USDT-SWAP,short,2026-09-04 10:02:34,2026-09-04 10:04:22,0.21015,0.20939,0.4203,242.5131,5688.47780669,4.2632336495149845,6.0,1.8,3,17,2,0,,0.728562526961607,-0.0,0.42350701879609876,4.625300000000001,-0.65866821,3.966631790000001,1.6356360914111447,38.74629613999999,7.000414789999999,11.683333333333334,10,2026-09-04
USELESS-USDT-SWAP,long,2026-09-04 10:16:10,2026-09-04 10:16:22,0.21298,0.21369,0.42596,255.576,5692.499721509999,4.489697189343131,0.0,0.2,1,13,0,0,,2.59152215799614,0.0,0.3521457413841578,4.3466,-0.6532835599999999,3.69331644,1.445095173255705,42.71292792999999,3.966631790000001,11.8,10,2026-09-04
USELESS-USDT-SWAP,long,2026-09-04 11:05:08,2026-09-04 11:05:47,0.21336,0.2142,0.4267384333333334,256.04306,5698.430339060001,4.493220847940316,0.0,0.65,5,8,4,0,,,0.0,0.4265091863516979,5.13249994,-0.74033921,4.39216073,1.715399249641837,46.40624436999999,3.69331644,48.766666666666666,11,2026-09-04
USELESS-USDT-SWAP,long,2026-09-04 11:12:02,2026-09-04 11:13:07,0.21783,0.21854,0.4356800333333334,261.40802,5702.82249984,4.583835811255464,0.0,1.0833333333333333,8,16,7,0,,2.095050618672656,0.0,0.33971445622733576,4.25249989,-0.9425997699999997,3.3099001200000004,1.266181550206455,50.79840509999999,4.39216073,6.25,11,2026-09-04
USELESS-USDT-SWAP,short,2026-09-04 11:26:08,2026-09-04 11:26:23,0.21456,0.2138,0.42908003333333333,257.44802,5706.13240007,4.511777889991507,0.0,0.25,4,14,3,0,,0.5624296962879693,-0.0,0.3775167785234901,4.5418999499999995,-0.9251777899999998,3.6167221599999997,1.4048358810450359,54.108305219999984,3.3099001200000004,13.016666666666667,11,2026-09-04
TRIA-USDT-SWAP,short,2026-09-04 14:31:47,2026-09-04 14:32:08,0.005204,0.005169,0.10408,171.00344,5710.4423780199995,2.994574302302873,0.0,0.35,4,3,3,0,,,-0.0,0.7109915449654225,6.0237,-0.45574705,5.56795295,3.25604733448637,57.725027379999986,,,14,2026-09-04
USELESS-USDT-SWAP,long,2026-09-04 14:46:49,2026-09-04 14:47:21,0.23749,0.23988,0.4749946666666667,284.9968,5716.01033099,4.985939204043378,0.0,0.5333333333333333,6,13,5,0,,,0.0,1.0274116804918076,14.402399919999999,-1.0311733499999998,13.37122657,4.691711124475783,63.292980329999985,3.6167221599999997,200.43333333333334,14,2026-09-04
USELESS-USDT-SWAP,long,2026-09-04 15:07:06,2026-09-04 15:07:12,0.24774,0.24784,0.49548000000000003,257.6496,5729.38155763,4.4969879804370825,1.0,0.1,8,17,7,0,,4.315971198787305,0.0,0.0726568176314002,0.5949,-0.6837535900000001,-0.08885359000000015,-0.03448621305835528,76.66420689999998,13.37122657,19.75,15,2026-09-04
USELESS-USDT-SWAP,long,2026-09-04 15:07:12,2026-09-04 15:08:04,0.24774,0.24836,0.49548,39.6384,5729.29270404,0.6918550342531645,0.0,0.8666666666666667,1,2,0,0,0.0,4.315971198787305,0.0,0.2502623718414476,0.496,-0.10125648000000001,0.39474352,0.9958613869379188,76.57535330999998,-0.08885359000000015,0.0,15,2026-09-04
USELESS-USDT-SWAP,long,2026-09-04 15:15:37,2026-09-04 15:21:12,0.24658,0.24103,0.4817110053333331,3612.83254,5729.68744756,63.05461812822849,290.0,5.583333333333333,110,287,109,94,,3.8275295801928344,-3.3376591775488684,0.024332873712396008,12.90779821,-10.800185010000014,2.107613199999985,0.05833686385032352,76.97009682999999,0.39474352,7.55,15,2026-09-04
USELESS-USDT-SWAP,long,2026-09-04 15:21:32,2026-09-04 15:22:38,0.24295,0.24507,0.48590000000000005,242.95,5731.79506252,4.238637239294217,0.0,1.1,6,5,5,0,-0.09047168647448034,-1.9334786469685894,0.0,0.9055361185429156,10.846300000000001,-0.65965102,10.186648980000001,4.192899353776498,79.07771002999996,2.107613199999985,0.3333333333333333,15,2026-09-04
USELESS-USDT-SWAP,short,2026-09-04 18:06:22,2026-09-04 18:07:19,0.27556,0.27361,0.5511199999999999,114.63296,5744.4146169,1.995555119972559,1.0,0.95,6,10,5,0,,,-0.0,0.7112788503411349,4.0578,-0.3278885,3.7299115,3.2537862583326818,89.26435900999998,10.186648980000001,163.73333333333332,18,2026-09-04
USELESS-USDT-SWAP,short,2026-09-04 18:19:01,2026-09-04 18:19:05,0.24964,0.24583,0.49927999999999995,249.64,5748.1445284,4.34296665239709,0.0,0.06666666666666667,1,17,0,0,,-9.406299898388749,-0.0,1.5742669443999269,19.2097,-0.6296665199999998,18.58003348,7.442730924531325,92.99427050999998,3.7299115,11.7,18,2026-09-04
USELESS-USDT-SWAP,short,2026-09-04 18:21:04,2026-09-04 18:22:02,0.24251,0.24153,0.48755800000000005,487.558,5766.7245619,8.454678123890854,19.0,0.9666666666666667,23,49,22,12,-2.8561128024355065,-11.993758165190894,-1.0721207372891728,0.46596016659106176,23.133900000000004,-1.7468806400000005,21.387019360000004,4.386559006313096,111.57430398999998,18.58003348,1.9833333333333334,18,2026-09-04
USELESS-USDT-SWAP,long,2026-09-04 18:32:05,2026-09-04 18:32:25,0.25074,0.25177,0.5014799999999999,100.296,5788.11158129,1.7327931328104593,0.0,0.3333333333333333,3,11,2,0,,-9.007112788503413,0.0,0.4387014437265746,2.0669,-0.32968988,1.7372101199999999,1.7320831538645605,132.96132335,21.387019360000004,10.05,18,2026-09-04
USELESS-USDT-SWAP,short,2026-09-04 20:47:37,2026-09-04 20:52:44,0.23991,0.24643,0.4923929854545452,5416.32284,5789.848791410001,93.54860610584208,227.0,5.116666666666666,81,198,80,73,,,-3.951481805677126,0.04168229752824493,-10.145501130000001,-14.89433189,-25.039833020000003,-0.46230318538397913,134.69853346999997,1.7372101199999999,135.2,20,2026-09-04
USELESS-USDT-SWAP,short,2026-09-04 20:52:49,2026-09-04 20:56:20,0.2463,0.24335,0.492545954045954,493.0385,5764.80895956,8.552555747443732,121.0,3.5166666666666666,13,30,12,10,0.9674510125440738,2.663498812054521,-0.40194884287454435,1.2545676004871997,29.787799880000005,-1.5066604700000004,28.281139410000005,5.736091483727945,109.65870044999997,-25.039833020000003,0.08333333333333333,20,2026-09-04
USELESS-USDT-SWAP,short,2026-09-04 21:51:07,2026-09-04 21:52:10,0.2534,0.25408,0.5091868852459017,155.302,5793.62492169,2.6805670387564273,54.0,1.05,6,5,5,2,,,-0.7182320441988965,-0.0,1.61829998,-0.45131222,1.16698776,0.7514312500804884,137.93983985999998,28.281139410000005,54.78333333333333,21,2026-09-04
USELESS-USDT-SWAP,short,2026-09-04 22:05:04,2026-09-04 22:10:44,0.24434,0.24658,0.494175632,617.71954,5794.79190948,10.659908925969209,77.0,5.666666666666667,12,19,11,10,,-3.5753749013417546,-1.7598428419415502,-0.0,6.692100000000001,-1.7289563699999997,4.963143630000001,0.8034623010306589,139.10682762,1.16698776,12.9,22,2026-09-04
USELESS-USDT-SWAP,short,2026-09-05 09:33:39,2026-09-05 09:34:15,0.26109,0.25838,0.5221148416289593,115.38738,5803.24859485,1.9883239208880121,0.0,0.6,3,3,2,0,,,-0.0,1.0609368417020981,6.01069998,-0.41323071,5.59746927,4.851023803469669,0.0,4.963143630000001,682.9166666666666,9,2026-09-05
USELESS-USDT-SWAP,short,2026-09-05 09:34:41,2026-09-05 09:39:23,0.25633,0.25697,0.51527,309.162,5808.846064140001,5.322261884482756,267.0,4.7,3,10,2,2,-1.823126125090957,-1.823126125090957,-1.0182187024538658,-0.0,4.1651,-0.78686366,3.37823634,1.0927074931589265,5.59746927,5.59746927,0.43333333333333335,9,2026-09-05
USELESS-USDT-SWAP,short,2026-09-05 09:42:32,2026-09-05 09:43:17,0.24849,0.24568,0.4968854,149.06562,5812.22430048,2.564691455346785,0.0,0.75,13,4,12,0,-4.03568394222601,-4.825922095829027,-0.0,1.1590003621876122,8.3914,-0.53361531,7.857784690000001,5.271359479134089,8.97570561,3.37823634,3.15,9,2026-09-05
USELESS-USDT-SWAP,short,2026-09-05 09:47:48,2026-09-05 09:48:03,0.24321,0.23927,0.4864200000000001,145.926,5820.082085149999,2.507284224948162,0.0,0.25,3,3,2,0,-0.9771589104678124,-6.848213259795466,-0.0,1.6364458698244322,11.8805,-0.38060286,11.49989714,7.8806361717582885,16.8334903,7.857784690000001,4.516666666666667,9,2026-09-05
USELESS-USDT-SWAP,short,2026-09-05 10:00:22,2026-09-05 10:00:56,0.23988,0.23869,0.47975999999999996,143.928,5831.581982299999,2.468078137919519,0.0,0.5666666666666667,4,7,3,0,,-8.123635527978845,-0.0,0.5127563781890943,3.6055,-0.36571842,3.2397815800000003,2.2509738063476186,28.333387440000003,11.49989714,12.316666666666666,10,2026-09-05
USELESS-USDT-SWAP,short,2026-09-05 13:41:05,2026-09-05 13:54:20,0.22879,0.2342,0.4676598230769232,2431.83108,5835.26141167,41.67475813742561,693.0,13.25,54,101,53,52,,,-3.0770575637047104,-0.0,-14.363400429999997,-6.910160750000002,-21.273561179999998,-0.8747960068015908,31.57316902,3.2397815800000003,220.15,13,2026-09-05
USELESS-USDT-SWAP,short,2026-09-05 13:54:25,2026-09-05 13:58:06,0.23392,0.23411,0.4705770833333333,1129.385,5813.98785098,19.42530718927512,84.0,3.683333333333333,26,41,25,24,-0.38327229367175475,2.2422308667336743,-1.1585157318741546,0.008549931600543292,29.933099879999997,-2.9451966100000004,26.987903269999997,2.389610564156598,10.29960784,-21.273561179999998,0.08333333333333333,13,2026-09-05
PONS-USDT-SWAP,short,2026-09-06 10:14:51,2026-09-06 10:18:04,0.9394,0.9348,1.8788,174.7284,5842.9915362,2.990392830752497,0.0,3.216666666666667,1,14,0,0,,,-0.0,0.532254630615292,4.539,-0.6273882,3.9116117999999998,2.2386811760423604,0.0,,,10,2026-09-06
USELESS-USDT-SWAP,short,2026-09-06 10:28:17,2026-09-06 10:34:33,0.25959,0.25761,0.51918,174.96366,5846.903148,2.992415909263835,1.0,6.266666666666667,2,15,1,0,,,-0.0,0.793559073924266,6.811600000000001,-0.46442046,6.347179540000001,3.6277130576715195,3.9116117999999993,26.987903269999997,1230.1833333333334,10,2026-09-06
PONS-USDT-SWAP,short,2026-09-06 10:34:21,2026-09-06 10:36:27,0.9115,0.906,1.823,169.539,5671.787549969999,2.9891634428531577,0.0,2.1,1,12,0,0,,-2.969980838833297,-0.0,0.603400987383429,5.115,-0.43048305000000003,4.68451695,2.7630910586944597,10.258791340000002,3.9116117999999998,16.283333333333335,10,2026-09-06
USELESS-USDT-SWAP,short,2026-09-06 10:55:10,2026-09-06 11:00:01,0.24844,0.24781,0.49688,233.5336,5857.9348445,3.9866199641886446,3.0,4.85,4,43,3,0,,-4.29523479332794,-0.0,0.2978586379004944,3.078700000000001,-0.6058802599999998,2.472819740000001,1.0588710746547825,14.943308290000001,6.347179540000001,20.616666666666667,10,2026-09-06
RAY-USDT-SWAP,long,2026-09-06 11:24:07,2026-09-06 11:27:38,1.1292,1.1138,0.2225980338591766,1157.06458,5860.407664230001,19.743755832249374,50.0,3.5166666666666666,30,56,29,23,,,-2.2936592277718715,0.0708466170740163,9.008199770000001,-3.4851389199999994,5.523060850000002,0.47733384509964016,17.416128030000003,,,11,2026-09-06
RAY-USDT-SWAP,long,2026-09-06 11:27:58,2026-09-06 11:28:10,1.1188,1.1216,0.22376000000000001,290.888,5865.93072535,4.958940253810169,0.0,0.2,6,6,5,0,-0.921006021962445,-0.921006021962445,0.0,0.29495888451913643,4.116199999999999,-0.78295246,3.3332475399999995,1.145886918676604,22.939188880000003,5.523060850000002,0.3333333333333333,11,2026-09-06
RAY-USDT-SWAP,long,2026-09-06 11:31:44,2026-09-06 11:32:29,1.1379,1.1266,0.22527761333333335,675.83284,5869.26397291,11.5147801005263,15.0,0.75,17,29,16,15,1.9258330347545538,0.7704569606801215,-1.520344494243775,0.0,2.59689983,-2.15882876,0.4380710699999999,0.06481944115056615,26.272436420000002,3.3332475399999995,3.566666666666667,11,2026-09-06
RAY-USDT-SWAP,long,2026-09-06 11:32:41,2026-09-06 11:33:23,1.1244,1.1263,0.22492134000000003,224.92134,5869.702044119999,3.83190387364408,0.0,0.7,5,15,4,0,0.5005362888809373,-0.4250797024441977,0.0,0.23123443614372352,1.9737998499999998,-0.68973582,1.2840640299999997,0.5708947092347929,26.71050749,0.4380710699999999,0.2,11,2026-09-06
USELESS-USDT-SWAP,short,2026-09-06 13:28:48,2026-09-06 13:31:02,0.24907,0.24802,0.49813999999999997,234.1258,5872.64120264,3.9867206580703507,0.0,2.2333333333333334,5,39,4,0,,,-0.0,0.4898221383546897,5.156899999999999,-0.7102346599999999,4.446665339999999,1.8992632764095196,27.994571520000004,2.472819740000001,148.78333333333333,13,2026-09-06
BOME-USDT-SWAP,short,2026-09-06 13:34:39,2026-09-06 13:43:51,0.0009925,0.0009978,0.19960831234256926,475.467,5877.0878680000005,8.09018021644457,93.0,9.2,6,36,5,1,,,-1.1083123425692953,-0.0,1.16669985,-1.2224420900000004,-0.055742240000000276,-0.011723682190351858,32.441236860000004,7.421670809999999,22832.533333333333,13,2026-09-06
ARB-USDT-SWAP,long,2026-09-06 13:45:47,2026-09-06 13:56:12,0.19384,0.19421,0.38767999999999997,224.931936,5877.03212591,3.827304856959099,2.0,10.416666666666666,2,3,1,0,,,0.0,0.1960379694593506,2.1505,-0.57435062,1.57614938,0.7007228088767261,32.38549462,4.74406355,4528.833333333333,13,2026-09-06
BOME-USDT-SWAP,short,2026-09-06 13:47:48,2026-09-06 13:56:09,0.0009806,0.0009743,0.19612,196.12,5651.93149096,3.469964211591821,0.0,8.35,6,14,5,0,-1.6547989168588684,-1.19899244332492,-0.0,0.6730573118498895,6.3645000000000005,-0.5186133,5.8458867,2.980770293697736,33.961644,-0.055742240000000276,3.95,13,2026-09-06
ARB-USDT-SWAP,long,2026-09-06 15:55:11,2026-09-06 15:55:14,0.20134,0.20231,0.40268,201.34,5884.9968282,3.421242285725792,0.0,0.05,1,41,0,0,,,0.0,0.5165391874441205,4.90242,-0.7265888700000003,4.17583113,2.074019633455846,39.8075307,1.57614938,118.98333333333333,15,2026-09-06
USELESS-USDT-SWAP,long,2026-09-06 22:41:04,2026-09-06 22:41:51,0.22209,0.22453,0.4442975757575758,234.58912,5889.2991295500005,3.983311338745412,0.0,0.7833333333333333,15,7,14,0,,,0.0,1.1256697735152477,12.69559997,-0.8490912600000001,11.84650871,5.0498969048521944,43.98336183,4.446665339999999,550.0333333333333,22,2026-09-06
ZEC-USDT-SWAP,short,2026-09-07 09:09:15,2026-09-07 09:45:12,1176.72,1183.87,2.3693,710.79,5901.50887704,12.044207927320928,139.0,35.95,5,13,4,4,,,-1.0231830851859414,-0.0,6.2137,-2.05985627,4.15384373,0.5843981668284586,0.0,-1.407715320000026,88381.66666666667,9,2026-09-07
ARB-USDT-SWAP,short,2026-09-07 11:32:15,2026-09-07 11:43:15,0.17743,0.17665,0.354801835690641,235.8013,5906.027448340001,3.9925534051873797,0.0,11.0,9,12,8,0,,,-0.0,0.462154088936495,5.05422993,-0.84706515,4.20716478,1.784199145636602,4.153843730000001,4.17583113,1177.0166666666667,11,2026-09-07
IOST-USDT-SWAP,long,2026-09-07 14:43:37,2026-09-07 14:53:38,0.0008892,0.0008726,0.28929956623623626,289.01026667,5910.38052324,4.889875796213,514.0,10.016666666666667,14,7,13,10,,,-3.868645973909135,0.0,4.785399969999999,-0.48074330000000004,4.304656669999999,1.4894476655098126,8.361008510000001,,,14,2026-09-07
USELESS-USDT-SWAP,short,2026-09-07 15:09:13,2026-09-07 15:11:08,0.20874,0.20978,0.42029165972635335,706.51028,5914.68517995,11.945019193835984,105.0,1.9166666666666667,18,57,17,15,,,-1.1210117849956847,-0.0,7.073099580000001,-1.8101163399999993,5.262983240000001,0.7449266329146692,12.665665180000001,11.84650871,987.3666666666667,15,2026-09-07
USELESS-USDT-SWAP,short,2026-09-07 15:21:09,2026-09-07 15:21:15,0.19448,0.19322,0.38896000000000003,16.33632,5919.9481636400005,0.2759537676416964,0.0,0.1,1,11,0,0,,-6.831464980358348,-0.0,0.6684491978609652,0.531,-0.05861960000000001,0.47238040000000003,2.8915961489490902,17.928648420000002,5.262983240000001,10.016666666666667,15,2026-09-07
USELESS-USDT-SWAP,short,2026-09-07 15:21:16,2026-09-07 15:22:13,0.19448,0.19718,0.3953583884648007,932.25508,5920.42054404,15.746433434335799,11.0,0.95,26,48,25,25,0.0,-6.831464980358348,-2.735499794323326,-0.0,12.6429998,-2.8727587299999993,9.77024107,1.0480222934263872,18.40102882,0.47238040000000003,0.016666666666666666,15,2026-09-07
USELESS-USDT-SWAP,short,2026-09-07 15:25:25,2026-09-07 15:27:25,0.19942,0.19865,0.3987142333333333,239.22854,5930.190785289999,4.034078306441893,0.0,2.0,7,17,6,0,2.540106951871657,-4.464884545367454,-0.0,0.4312506268177696,4.434799939999999,-0.6448664799999999,3.7899334599999985,1.5842313212294814,28.171269889999998,9.77024107,3.2,15,2026-09-07
USELESS-USDT-SWAP,short,2026-09-07 15:31:24,2026-09-07 15:31:40,0.19604,0.19478,0.39208,235.248,5933.98071884,3.96442137489768,0.0,0.26666666666666666,1,8,0,0,-1.2691377921031366,-6.084123790361218,-0.0,0.6529279738828775,7.6114999999999995,-0.59714226,7.0143577399999995,2.9816864500442084,31.961203349999998,3.7899334599999985,3.9833333333333334,15,2026-09-07
USELESS-USDT-SWAP,short,2026-09-07 15:33:16,2026-09-07 15:35:40,0.19231,0.19355,0.3891071222222222,700.39282,5940.99507658,11.789149981978927,24.0,2.4,13,17,12,11,-1.9026729238930784,-7.871035738238952,-1.7939784722583285,-0.0,19.113499939999997,-1.7959620099999998,17.317537929999997,2.472546467566586,38.97556109,7.0143577399999995,1.6,15,2026-09-07
USELESS-USDT-SWAP,short,2026-09-07 15:37:45,2026-09-07 15:38:19,0.19161,0.19001,0.38320139999999997,229.92084,5958.312614580001,3.858824718887413,0.0,0.5666666666666667,4,2,3,0,-0.36399563205241625,-8.206381144006903,-0.0,0.9498460414383514,9.883000000000001,-0.6080898299999999,9.274910170000002,4.033958022248005,56.29309902,17.317537929999997,2.0833333333333335,15,2026-09-07
IOST-USDT-SWAP,short,2026-09-07 23:35:22,2026-09-07 23:36:28,0.0008741,0.000864,0.2913666667,58.27333333,5969.181193,0.9762366302154901,1.0,1.1,4,3,3,0,,,-0.0,1.1669145406704051,2.0316,-0.09283229,1.93876771,3.3270238704568715,65.56800919,4.304656669999999,521.7333333333333,23,2026-09-07
USELESS-USDT-SWAP,short,2026-09-08 09:18:46,2026-09-08 09:19:31,0.22789,0.2269,0.45578,238.37294,5971.33257109,3.9919555168317764,0.0,0.75,2,21,1,0,,,-0.0,0.46074860678396723,5.2932,-0.6069026000000002,4.686297399999999,1.9659519239054564,0.0,9.274910170000002,1060.45,9,2026-09-08
SOPH-USDT-SWAP,long,2026-09-08 09:44:26,2026-09-08 09:50:29,0.006566,0.006587,0.13059991703539822,472.2493,5976.018868509999,7.9024064413261454,183.0,6.05,12,22,11,5,,,-1.1117879987815993,0.4112092598233419,21.958299899999993,-1.48652863,20.471771269999994,4.3349500507465,4.686297399999997,,,9,2026-09-08
SOPH-USDT-SWAP,long,2026-09-08 11:17:22,2026-09-08 11:17:45,0.007495,0.007559,0.1499,239.84,5996.860892850001,3.9994257710056096,0.0,0.38333333333333336,3,13,2,0,,,0.0,0.867244829886582,10.242600000000001,-0.61527935,9.627320650000001,4.014059643929286,25.15806866999999,20.471771269999994,86.88333333333334,11,2026-09-08
SOPH-USDT-SWAP,long,2026-09-08 11:23:17,2026-09-08 11:24:47,0.00765,0.007724,0.153,12.393,6006.488213510001,0.20632688452006342,0.0,1.5,6,3,5,0,,2.068045363575721,0.0,0.9673202614379095,0.5994,-0.03904718,0.5603528200000001,4.521526829661907,34.78538932,9.627320650000001,5.533333333333333,11,2026-09-08
SOPH-USDT-SWAP,long,2026-09-08 11:25:05,2026-09-08 11:25:46,0.00774,0.007778,0.1548,247.68,6007.048566320001,4.123156276589455,0.0,0.6833333333333333,4,7,3,0,1.1764705882353121,3.268845897264838,0.0,0.5167958656330685,6.267999999999999,-0.6338404999999999,5.634159499999999,2.2747736999354,35.34574214,0.5603528200000001,0.3,11,2026-09-08
SOPH-USDT-SWAP,long,2026-09-08 11:32:24,2026-09-08 11:33:40,0.007763,0.007812,0.15526,248.416,6012.68272585,4.131533482250753,0.0,1.2666666666666666,7,4,6,0,,3.5757171447631686,0.0,0.644080896560606,7.9167,-0.74961181,7.167088189999999,2.8851153669650906,40.979901639999994,5.634159499999999,6.633333333333334,11,2026-09-08
IOST-USDT-SWAP,long,2026-09-08 11:39:54,2026-09-08 11:40:01,0.0010815,0.001097,0.3605,120.0465,6019.84981405,1.9941776573863694,0.0,0.11666666666666667,2,3,1,0,,,0.0,1.5164123901987958,5.3598,-0.24873864000000004,5.11106136,4.257567992402944,48.146989829999995,1.93876771,723.4333333333333,11,2026-09-08
IOST-USDT-SWAP,long,2026-09-08 11:43:04,2026-09-08 11:43:52,0.0011226,0.0011345,0.37420000000000003,120.1182,6024.9608754,1.9936760168923966,0.0,0.8,1,8,0,0,3.8002773925104094,3.8002773925104094,0.0,1.0778549795118497,3.8537,-0.18516818,3.66853182,3.0541015599634362,53.258051189999996,5.11106136,3.05,11,2026-09-08
SOPH-USDT-SWAP,long,2026-09-08 11:48:35,2026-09-08 11:50:49,0.008179,0.008272,0.1636388375,261.82214,6028.62940722,4.342979511834595,0.0,2.2333333333333334,10,3,9,0,,6.915032679738564,0.0,1.1737376207360262,14.74499998,-0.68343383,14.061566149999999,5.370655877306633,56.926583009999995,7.167088189999999,14.916666666666666,11,2026-09-08
SOPH-USDT-SWAP,short,2026-09-08 11:54:59,2026-09-08 11:55:15,0.008548,0.008441,0.17096,273.536,6042.690973379999,4.5267249509368295,2.0,0.26666666666666666,8,4,7,0,3.299093655589136,10.439276485788106,-0.0,1.286850725315869,17.313,-0.7589586500000001,16.55404135,6.051869351748946,70.98814916,14.061566149999999,4.166666666666667,11,2026-09-08
SOPH-USDT-SWAP,long,2026-09-08 11:57:40,2026-09-08 12:00:35,0.00871,0.008619,0.17139858339148636,1473.68502,6059.24501474,24.32126471887249,135.0,2.9166666666666665,25,46,24,22,1.8951801591015505,12.198892180857923,-2.5832376578645344,0.0,38.17789973000001,-4.3165564499999975,33.86134328000001,2.2977327461739425,87.54219050999998,16.55404135,2.4166666666666665,11,2026-09-08
SOPH-USDT-SWAP,long,2026-09-08 12:35:59,2026-09-08 12:36:36,0.009704,0.00956,0.18983998899284535,1379.75704,6101.37474683,22.61387141835305,31.0,0.6166666666666667,24,59,23,22,,,-2.978153338829359,0.0,57.18909975999999,-3.79849871,53.390601049999994,3.8695654018913355,121.40353379000001,33.86134328000001,35.4,12,2026-09-08
SOPH-USDT-SWAP,long,2026-09-08 13:11:46,2026-09-08 13:11:52,0.010677,0.010702,0.21357664999999998,256.29198,6155.77643515,4.163438726210901,0.0,0.1,4,30,3,0,,,0.0,0.3371733633042995,2.9467996999999997,-0.69833166,2.2484680399999997,0.8773072181189593,174.79413484,53.390601049999994,35.166666666666664,13,2026-09-08
SOPH-USDT-SWAP,long,2026-09-08 13:13:36,2026-09-08 13:15:37,0.0108,0.010766,0.21464167499999998,515.14002,6158.02490347,8.365344864222985,33.0,2.0166666666666666,16,26,15,12,1.152008991289688,1.152008991289688,-1.2962962962963065,0.0,8.615199829999996,-1.5854455899999986,7.029754239999997,1.364629802980556,177.04260288,2.2484680399999997,1.7333333333333334,13,2026-09-08
SOPH-USDT-SWAP,long,2026-09-08 13:31:51,2026-09-08 13:34:21,0.011477,0.011288,0.22471530841846626,1737.72348,6165.05465793,28.186667862949072,88.0,2.5,44,59,43,42,,7.492741406762193,-2.8230373791060304,0.0,48.24219969999999,-4.930775119999998,43.31142457999999,2.4924232812921416,184.07235712,7.029754239999997,16.233333333333334,13,2026-09-08
SOPH-USDT-SWAP,short,2026-09-08 13:39:47,2026-09-08 13:39:55,0.009793,0.009688,0.1957676,195.7676,6208.36608282,3.153286990303853,0.0,0.13333333333333333,9,4,8,0,,-8.279479254472244,-0.0,1.1130399264780988,10.049999999999999,-0.53999572,9.510004279999999,4.8578029663744156,227.3837817,43.31142457999999,5.433333333333334,13,2026-09-08
SOPH-USDT-SWAP,short,2026-09-08 13:43:05,2026-09-08 13:44:24,0.009643,0.009641,0.19410539166666674,465.85294,6217.87608709,7.492155415693105,29.0,1.3166666666666667,15,14,14,10,-1.5317063208414083,-10.712962962962958,-1.3584983926163918,0.14518303432541346,17.214399919999998,-1.67087338,15.543526539999998,3.3365736706523736,236.89378598,9.510004279999999,3.1666666666666665,13,2026-09-08
SOPH-USDT-SWAP,short,2026-09-08 13:58:03,2026-09-08 13:59:26,0.010101,0.01013,0.20335155833333332,488.04374,6234.55817502,7.828040517056118,61.0,1.3833333333333333,11,29,10,8,,-11.989195782870077,-1.3266013266013177,0.01980001980002033,9.38429988,-1.52037465,7.86392523,1.6113156640427353,252.43731251999998,15.543526539999998,13.65,13,2026-09-08
SOPH-USDT-SWAP,long,2026-09-08 16:48:09,2026-09-08 16:50:48,0.010331,0.010355,0.20662000000000003,206.62,6244.35234529,3.3089100129951774,1.0,2.65,4,19,3,0,,,0.0,0.3000677572355004,2.6426,-0.5278323300000001,2.11476767,1.0235057932436356,260.30123775,7.86392523,168.71666666666667,16,2026-09-08
SOPH-USDT-SWAP,long,2026-09-08 17:06:19,2026-09-08 17:09:53,0.010696,0.010681,0.21295733924611976,384.17504,6246.467112959999,6.150277157513952,65.0,3.566666666666667,3,14,2,1,,3.533055851321265,-1.0097232610321694,0.0,6.47879991,-1.0293727099999999,5.449427200000001,1.4184750784434095,262.41600542,2.11476767,15.516666666666667,17,2026-09-08
SOPH-USDT-SWAP,long,2026-09-08 17:27:29,2026-09-08 17:27:46,0.010958,0.011065,0.21916,219.16,6251.91654026,3.5054850554816546,1.0,0.2833333333333333,2,4,1,0,,2.4495138369484026,0.0,1.0859645920788363,11.561700000000002,-0.5630202099999999,10.998679790000002,5.0185616855265565,267.86543262,5.449427200000001,17.6,17,2026-09-08
SOPH-USDT-SWAP,long,2026-09-08 17:34:42,2026-09-08 17:34:44,0.011767,0.011857,0.23534,235.34,6262.91522004,3.757675008069116,0.0,0.03333333333333333,2,13,1,0,,10.013089005235587,0.0,0.8753293107844007,9.024700000000001,-0.60336589,8.421334110000002,3.5783692147531236,278.86411241,10.998679790000002,6.933333333333334,17,2026-09-08
SOPH-USDT-SWAP,long,2026-09-08 17:41:34,2026-09-08 17:44:01,0.011667,0.011685,0.23237701,464.75402,6271.43193926,7.410652375744969,109.0,2.45,12,22,11,2,,6.470158788100022,-0.8571183680466388,0.21427959201165692,14.113399780000002,-1.33843587,12.774963910000002,2.748758130160983,287.28544652,8.421334110000002,6.833333333333333,17,2026-09-08
SOPH-USDT-SWAP,short,2026-09-08 18:06:09,2026-09-08 18:06:42,0.011056,0.01101,0.22200159,444.00318,6284.2069034099995,7.065381309438913,24.0,0.55,25,18,24,1,,-5.236993228764897,-0.8230824891461763,0.506512301013029,18.7307,-1.1377704300000002,17.59292957,3.962343145830622,300.06041042999993,12.774963910000002,22.133333333333333,18,2026-09-08
SOPH-USDT-SWAP,short,2026-09-08 18:10:17,2026-09-08 18:12:01,0.010717,0.010733,0.21606513333333335,648.1954,6301.79983303,10.285877323531837,67.0,1.7333333333333334,15,16,14,4,-3.066208393632408,-8.142624496442952,-1.4649622095735726,0.018661938975461645,22.318099949999997,-1.86162901,20.456470939999996,3.15591115580271,317.65334,17.59292957,3.5833333333333335,18,2026-09-08
SOPH-USDT-SWAP,short,2026-09-08 18:16:27,2026-09-08 18:18:02,0.010251,0.010396,0.20890807999999994,1462.35656,6322.25630404,23.130295414716674,57.0,1.5833333333333333,40,52,39,23,-4.40175324069757,-7.281114327062232,-2.760706272558777,0.019510291678859204,37.65319999999999,-4.449495720000001,33.20370427999999,2.2705614477497877,338.10981094,20.456470939999996,4.433333333333334,18,2026-09-08
SOPH-USDT-SWAP,long,2026-09-08 18:38:24,2026-09-08 18:42:41,0.010975,0.010679,0.21347892666666662,2561.74712,6355.46000834,40.30781590377924,211.0,4.283333333333333,79,199,78,73,,2.4073901278342857,-3.9635535307517067,0.03644646924827466,23.256798640000007,-7.997878420000004,15.258920220000004,0.5956450619528755,371.31351522,33.20370427999999,20.366666666666667,18,2026-09-08
SOPH-USDT-SWAP,short,2026-09-08 21:01:43,2026-09-08 21:02:09,0.007641,0.007589,0.15281999999999998,254.4453,6374.09105275,3.9918679839100135,0.0,0.43333333333333335,9,10,8,0,,,-0.0,0.7328883653972107,8.772200000000002,-0.64567754,8.126522460000002,3.19381904873071,386.57243544,15.258920220000004,139.03333333333333,21,2026-09-08
SOPH-USDT-SWAP,short,2026-09-08 23:07:09,2026-09-08 23:07:41,0.007612,0.007572,0.15224000000000001,228.36,6382.21757523,3.5780666720966567,0.0,0.5333333333333333,3,8,2,0,,,-0.0,0.578034682080919,6.415799999999999,-0.5803280100000001,5.8354719899999985,2.555382724645296,394.6989579,8.126522460000002,125.0,23,2026-09-08
SOPH-USDT-SWAP,short,2026-09-08 23:08:58,2026-09-08 23:09:01,0.007522,0.007473,0.15040962666666666,225.61444,6388.05304721,3.5318185107829954,0.0,0.05,6,6,5,0,-1.1823436678927934,-1.1823436678927934,-0.0,0.6647168306301521,7.16479997,-0.8096326500000001,6.35516732,2.8168264939070387,400.53442988999996,5.8354719899999985,1.2833333333333334,23,2026-09-08
SOPH-USDT-SWAP,short,2026-09-08 23:11:54,2026-09-08 23:11:56,0.007278,0.00723,0.14552176,218.28264,6394.4082145600005,3.4136488112062144,0.0,0.03333333333333333,3,7,2,0,-4.387808723068842,-4.387808723068842,-0.0,0.7419620774938074,7.1068,-0.56414959,6.54265041,2.9973297051932306,406.88959721,6.35516732,2.8833333333333333,23,2026-09-08
SOPH-USDT-SWAP,short,2026-09-08 23:19:15,2026-09-08 23:19:16,0.007056,0.007003,0.14112,211.68,6400.95086496,3.30700866895848,0.0,0.016666666666666666,2,3,1,0,,-7.304256437204415,-0.0,0.8219954648526095,8.3734,-0.53676958,7.8366304200000005,3.7021118764172334,413.43224762,6.54265041,7.316666666666666,23,2026-09-08
SOPH-USDT-SWAP,short,2026-09-08 23:22:12,2026-09-08 23:24:55,0.006876,0.006911,0.13835704000000001,415.07112,6408.78749539,6.476593588078415,21.0,2.716666666666667,8,43,7,3,-2.5510204081632626,-9.668943772990012,-1.2507271669575326,0.014543339150674406,2.6889000000000007,-1.2996811800000003,1.3892188200000004,0.3346941651830656,421.26887804,7.8366304200000005,2.933333333333333,23,2026-09-08
USELESS-USDT-SWAP,short,2026-09-09 11:11:16,2026-09-09 11:14:04,0.28877,0.28711,0.5774965688487584,255.83098,6411.17668869,3.9903904138426434,0.0,2.8,5,22,4,0,,,-0.0,0.6129445579527104,7.413899860000001,-0.9183225299999997,6.4955773300000015,2.539011237028448,0.0,4.686297399999999,1551.75,11,2026-09-09
KAT-USDT-SWAP,long,2026-09-09 11:23:09,2026-09-09 11:23:23,0.005824,0.005842,0.11647999999999999,192.07552,6417.672266160001,2.992915687091138,0.0,0.23333333333333334,8,16,7,0,,,0.0,0.3777472527472403,2.9807,-0.5729315899999999,2.40776841,1.253552982701804,6.495577330000002,6.540280140000001,86120.86666666667,11,2026-09-09
KAT-USDT-SWAP,long,2026-09-09 11:24:54,2026-09-09 11:25:28,0.005906,0.005933,0.11812,200.804,6420.080034559999,3.127749170089001,0.0,0.5666666666666667,2,10,1,0,1.4079670329670169,1.4079670329670169,0.0,0.4740941415509736,4.725499999999999,-0.51412349,4.211376509999999,2.0972572807314593,8.90334574,2.40776841,1.5166666666666666,11,2026-09-09
KAT-USDT-SWAP,long,2026-09-09 11:27:36,2026-09-09 11:28:52,0.0061,0.00615,0.122,207.4,6424.2914111,3.2283716090719476,0.0,1.2666666666666666,6,4,5,0,4.739010989010994,4.739010989010994,0.0,0.8688524590163782,8.9224,-0.53349116,8.38890884,4.044796933461909,13.11472225,4.211376509999999,2.1333333333333333,11,2026-09-09
KAT-USDT-SWAP,long,2026-09-09 11:33:06,2026-09-09 11:33:17,0.006167,0.00622,0.12334,209.678,6432.68031993,3.2595743853517303,0.0,0.18333333333333332,1,8,0,0,0.22753128555177415,5.8894230769230616,0.0,0.9242743635479167,9.296700000000001,-0.53802571,8.758674290000002,4.1772023245166405,21.50363109,8.38890884,4.233333333333333,11,2026-09-09
KAT-USDT-SWAP,long,2026-09-09 11:37:10,2026-09-09 11:37:56,0.006201,0.006247,0.12402861176470588,210.84864,6441.4389942200005,3.273315794641502,0.0,0.7666666666666667,6,8,5,0,0.5513215501864899,6.473214285714279,0.0,0.7740686985969969,7.89879994,-0.7618986799999999,7.13690126,3.3848457642411165,30.26230538,8.758674290000002,3.8833333333333333,11,2026-09-09
KAT-USDT-SWAP,long,2026-09-09 11:46:57,2026-09-09 11:48:44,0.006179,0.006192,0.12293471764705881,417.97804,6448.5758955500005,6.481710795843096,40.0,1.7833333333333334,7,5,6,2,,6.095467032967017,-1.0519501537465614,0.22657387926849903,15.55289998,-1.29205019,14.26084979,3.4118657980213505,37.399206639999996,7.13690126,9.016666666666667,11,2026-09-09
KAT-USDT-SWAP,short,2026-09-09 12:01:16,2026-09-09 12:02:09,0.005856,0.005832,0.11712,199.104,6462.836745359999,3.080752428768171,0.0,0.8833333333333333,1,3,0,0,,-5.042970650235112,-0.0,0.44398907103825325,4.0955,-0.50624082,3.5892591800000004,1.802705711587914,51.660056430000004,14.26084979,12.533333333333333,12,2026-09-09
KAT-USDT-SWAP,short,2026-09-09 12:06:08,2026-09-09 12:09:07,0.005861,0.006044,0.12140757372021703,2058.58682,6466.42600454,31.835001568945366,80.0,2.9833333333333334,82,52,81,76,0.08538251366119187,-5.4829866150620905,-5.169766251492924,-0.0,50.998399719999995,-6.748930620000001,44.24946909999999,2.149507063296946,55.249315610000004,3.5892591800000004,3.9833333333333334,12,2026-09-09
USELESS-USDT-SWAP,long,2026-09-09 12:37:05,2026-09-09 12:37:24,0.29333,0.29408,0.58666,234.664,6510.67547397,3.604295759145087,0.0,0.31666666666666665,2,26,1,0,,,0.0,0.29659427948045547,3.1419000000000006,-0.5995243099999998,2.542375690000001,1.0834110430232167,99.49878471,6.4955773300000015,83.01666666666667,12,2026-09-09
ZEC-USDT-SWAP,long,2026-09-09 12:54:24,2026-09-09 12:55:50,1240.31,1254.46,2.48062,124.031,6514.123710430001,1.9040320005192635,0.0,1.4333333333333333,2,1,1,0,,,0.0,1.1408438213027505,7.075,-0.4490586,6.6259414,5.34216558763535,102.0411604,4.15384373,3069.2,12,2026-09-09
USELESS-USDT-SWAP,long,2026-09-09 13:25:30,2026-09-09 13:27:42,0.30271,0.30379,0.6054200000000001,242.168,6520.74965183,3.713806125527873,0.0,2.2,4,22,3,0,,,0.0,0.40302599848038856,4.472300000000001,-0.6293095,3.842990500000001,1.5869109461200495,108.6671018,2.542375690000001,48.1,13,2026-09-09
USELESS-USDT-SWAP,long,2026-09-09 13:32:04,2026-09-09 13:32:14,0.30907,0.31058,0.6186979499999999,247.47918,6524.59264234,3.7930211672378573,0.0,0.16666666666666666,26,20,25,0,1.6911788898759772,2.1010207789633695,0.0,0.520917591484138,5.095299799999999,-0.8589761299999996,4.23632367,1.7117899251161246,112.5100923,3.842990500000001,4.366666666666666,13,2026-09-09
USELESS-USDT-SWAP,long,2026-09-09 13:36:30,2026-09-09 13:43:14,0.30846,0.31006,0.61692,246.768,6528.82896619,3.779667093102078,1.0,6.733333333333333,2,12,1,0,-0.19736629242566028,1.8995077797231863,0.0,0.5284315632496872,6.4488,-0.67368476,5.77511524,2.3403015139726384,116.74641596999999,4.23632367,4.266666666666667,13,2026-09-09
USELESS-USDT-SWAP,long,2026-09-09 14:10:36,2026-09-09 14:12:42,0.31903,0.32002,0.6380600000000001,191.418,6536.05744953,2.9286462286797166,0.0,2.1,2,5,1,0,,2.8830339578832076,0.0,0.3165846472118705,2.9928999999999997,-0.48919334000000003,2.5037066599999998,1.3079786958384267,122.52153120999999,5.77511524,27.366666666666667,14,2026-09-09
USELESS-USDT-SWAP,long,2026-09-09 14:26:54,2026-09-09 14:34:24,0.3273,0.32745,0.6546,196.38,6538.5611561900005,3.003413064571381,0.0,7.5,2,25,1,0,,2.5922327053881977,0.0,0.08249312557286892,0.5306,-0.50233469,0.028265309999999988,0.01439317140238313,125.02523787,2.5037066599999998,14.2,14,2026-09-09
USELESS-USDT-SWAP,long,2026-09-09 14:37:38,2026-09-09 14:37:43,0.33304,0.33382,0.66608,199.824,6538.58942151,3.0560719922654713,0.0,0.08333333333333333,2,15,1,0,1.669872088408586,4.39143654201799,0.0,0.26122988229642097,2.4135,-0.51042005,1.90307995,0.9523780676995756,125.05350317999999,0.028265309999999988,3.2333333333333334,14,2026-09-09
KAT-USDT-SWAP,long,2026-09-09 19:09:44,2026-09-09 19:15:52,0.005609,0.005592,0.11148999999999999,222.98,6541.15138701,3.4088799785740096,130.0,6.133333333333334,4,4,3,2,,,-1.230165804956329,0.0,3.55779996,-0.5701139399999999,2.98768602,1.3398896851735582,126.95658313,44.24946909999999,420.6166666666667,19,2026-09-09
IOST-USDT-SWAP,long,2026-09-09 23:27:52,2026-09-09 23:28:47,0.0014877,0.0014966,0.29761392097264433,195.82996,6544.1390730699995,2.99244801819488,0.0,0.9166666666666666,9,16,8,0,,,0.0,0.6318478187806509,5.800399959999999,-0.7070759900000001,5.093323969999999,2.6008910842855704,129.94426915,3.66853182,2144.0,23,2026-09-09
IOST-USDT-SWAP,long,2026-09-09 23:31:16,2026-09-09 23:33:13,0.0015727,0.0015823,0.3138023857142857,439.32334,6549.23239707,6.708012685525479,23.0,1.95,27,46,26,3,5.713517510250732,5.713517510250732,-0.49596235772875197,0.7057925859986103,19.32469978000001,-1.31980555,18.00489423000001,4.09832407948096,135.03759312,5.093323969999999,2.4833333333333334,23,2026-09-09
IOST-USDT-SWAP,long,2026-09-09 23:38:22,2026-09-09 23:39:00,0.001609,0.0016209,0.3218364,225.28548,6567.2372915000005,3.430445254225667,0.0,0.6333333333333333,7,25,6,0,,8.153525576393083,0.0,0.7955251709136135,8.51069975,-0.66202218,7.84867757,3.4838807942704517,153.04248735,18.00489423000001,5.15,23,2026-09-09
IOST-USDT-SWAP,long,2026-09-09 23:39:35,2026-09-09 23:39:57,0.0016409,0.0016564,0.32817999999999997,229.726,6575.08596932,3.4938858757425257,0.0,0.36666666666666664,6,8,5,0,1.9825978868862615,10.297775089063666,0.0,0.9872630873301036,11.0578,-0.82272427,10.23507573,4.455340592706094,160.89116492,7.84867757,0.5833333333333334,23,2026-09-09
IOST-USDT-SWAP,short,2026-09-09 23:49:09,2026-09-09 23:49:13,0.0016132,0.0015976,0.32254520000000003,225.78164,6585.32104505,3.428559343658935,0.0,0.06666666666666667,9,6,8,0,,8.435840559252528,-0.0,0.9918175055789735,10.6784,-0.8089696799999999,9.86943032,4.371228023678098,171.12624065,10.23507573,9.2,23,2026-09-09
IOST-USDT-SWAP,long,2026-09-09 23:52:09,2026-09-09 23:52:14,0.0016685,0.001682,0.3337,233.59,6595.29331358,3.54176818063615,0.0,0.08333333333333333,2,12,1,0,3.427969253657337,12.152987833568595,0.0,0.9109979023074644,9.9102,-0.5992221999999998,9.3109778,3.986034419281647,180.99567097000002,9.86943032,2.933333333333333,23,2026-09-09
IOST-USDT-SWAP,long,2026-09-10 00:01:18,2026-09-10 00:01:39,0.0016942,0.0017068,0.3388592285714286,237.20146,6604.6042914,3.5914560439126566,0.0,0.35,6,10,5,0,,8.262508786503941,0.0,0.8145437374572184,9.142899940000001,-0.6305702,8.512329740000002,3.588649808479257,0.0,9.3109778,9.066666666666666,0,2026-09-10
IOST-USDT-SWAP,long,2026-09-10 00:02:34,2026-09-10 00:03:32,0.0017372,0.0017178,0.3418406761904762,717.86542,6613.1166212200005,10.855175571780054,13.0,0.9666666666666667,13,26,12,4,2.538071065989844,9.685566359388798,-2.527055031084502,0.017269168777334087,19.315399840000005,-1.9778919099999992,17.337507930000005,2.4151473865393887,8.512329740000002,8.512329740000002,0.9166666666666666,0,2026-09-10
IOST-USDT-SWAP,short,2026-09-10 00:07:20,2026-09-10 00:07:28,0.0016093,0.0016001,0.32186000000000003,225.302,6630.45412933,3.397987462176539,0.0,0.13333333333333333,3,45,2,0,-7.3624222887405,0.018645121193294756,-0.0,0.6400298266326931,6.594699999999999,-0.5721460099999998,6.022553989999999,2.6731027642897085,25.849837670000007,17.337507930000005,3.8,0,2026-09-10
IOST-USDT-SWAP,short,2026-09-10 00:15:07,2026-09-10 00:15:54,0.0016009,0.0015873,0.32018,224.126,6636.47668332,3.377183567348533,0.0,0.7833333333333333,1,51,0,0,,-0.7624597074138428,-0.0,0.9057405209569547,9.874499999999998,-0.5679664799999999,9.306533519999999,4.152366757984347,31.87239166000001,6.022553989999999,7.65,0,2026-09-10
IOST-USDT-SWAP,long,2026-09-10 00:23:39,2026-09-10 00:24:38,0.00163,0.0016387,0.32607174285714285,228.25022,6645.78321684,3.4345119687567927,0.0,0.9833333333333333,8,24,7,0,,-3.7893991264313587,0.0,0.5644171779141116,5.972099869999999,-0.8238507500000001,5.148249119999999,2.2555286562264865,41.17892518000001,9.306533519999999,7.75,0,2026-09-10
IOST-USDT-SWAP,long,2026-09-10 00:38:07,2026-09-10 00:39:31,0.0018031,0.001822,0.36062,252.434,6650.9314661,3.79546836840319,0.0,1.4,4,8,3,0,,12.630395402586059,0.0,1.0925628084964778,13.3216,-0.6591047099999999,12.66249529,5.016160774697545,46.3271743,5.148249119999999,13.483333333333333,0,2026-09-10
IOST-USDT-SWAP,short,2026-09-10 09:08:12,2026-09-10 09:08:36,0.0015462,0.0015357,0.3092093714285714,216.44656,6665.587706,3.2472239440367208,0.0,0.4,9,24,8,0,,,-0.0,0.737291424136588,7.3639998600000025,-0.67331469,6.690685170000003,3.0911487666978874,58.98966959,12.66249529,508.68333333333334,9,2026-09-10
IOST-USDT-SWAP,short,2026-09-10 09:16:28,2026-09-10 09:16:49,0.0015162,0.001509,0.30323999999999995,212.268,6672.2783913,3.181342077644373,0.0,0.35,2,15,1,0,,-1.940240589833131,-0.0,0.5144440047487153,5.0924,-0.53945011,4.55294989,2.144906387208623,65.68035476000001,6.690685170000003,7.866666666666666,9,2026-09-10
IOST-USDT-SWAP,short,2026-09-10 09:18:04,2026-09-10 09:18:25,0.0015029,0.0014887,0.30052668571428576,210.36868,6676.83134117,3.1507262839312116,0.0,0.35,12,6,11,0,-0.8771929824561542,-2.8004139179924947,-0.0,0.978108989287374,9.93169998,-0.63100445,9.300695529999999,4.421140794342579,70.23330465000001,4.55294989,1.25,9,2026-09-10
IOST-USDT-SWAP,short,2026-09-10 10:35:09,2026-09-10 10:36:02,0.0012794,0.0012692,0.2557053555555556,230.13482,6686.1320367200005,3.441972409998901,0.0,0.8833333333333333,27,20,26,0,,,-0.0,0.812881037986557,8.405599889999998,-0.7443895700000002,7.661210319999998,3.329009630094219,79.53400018,9.300695529999999,76.73333333333333,10,2026-09-10
IOST-USDT-SWAP,short,2026-09-10 10:43:23,2026-09-10 10:43:35,0.0012377,0.0012286,0.24750033333333332,222.7503,6693.79324717,3.327714074440144,0.0,0.2,8,6,7,0,,-3.2593403157730183,-0.0,0.8160297325684795,8.451399989999999,-0.6086300699999999,7.8427699199999985,3.520879621710946,87.1952105,7.661210319999998,7.35,10,2026-09-10
IOST-USDT-SWAP,short,2026-09-10 10:56:14,2026-09-10 10:57:38,0.0012141,0.0012084,0.24271833333333334,218.4465,6701.96703579,3.2594385921841584,0.0,1.4,9,31,8,0,,-5.103954978896352,-0.0,0.5353759986821527,4.98209987,-0.64904163,4.33305824,1.983578697758948,95.03798042,7.8427699199999985,12.65,10,2026-09-10
IOST-USDT-SWAP,short,2026-09-10 11:02:12,2026-09-10 11:04:32,0.0011833,0.0011817,0.23763366666666666,427.7406,6706.30009417,6.378190566984148,72.0,2.3333333333333335,6,17,5,1,-2.0122557138125274,-7.511333437548851,-0.8619961125665432,0.17746978788133472,11.926399909999999,-1.2496530900000002,10.676746819999998,2.4960798250154412,99.37103866000001,4.33305824,4.566666666666666,11,2026-09-10
IOST-USDT-SWAP,long,2026-09-10 11:33:08,2026-09-10 11:33:47,0.0011324,0.0011406,0.22649940000000002,226.4994,6716.9768411,3.3720437833593535,0.0,0.65,9,9,8,0,,-5.119396732299952,0.0,0.7947721653126294,8.60029991,-0.6313256800000001,7.968974230000001,3.5183202383759076,110.04778548,10.676746819999998,28.6,11,2026-09-10
IOST-USDT-SWAP,long,2026-09-10 11:38:20,2026-09-10 11:43:10,0.0012112,0.0011553,0.23244733285714292,6508.52532,6724.94581542,96.78182543978633,231.0,4.833333333333333,230,412,229,228,6.115297003679676,6.95867184740373,-7.075627476882429,0.0,-76.84410228999995,-18.72971762,-95.57381990999995,-1.4684404717042716,118.01675971,7.968974230000001,4.55,11,2026-09-10
IOST-USDT-SWAP,long,2026-09-10 11:43:15,2026-09-10 11:43:59,0.001157,0.0011811,0.23116387999999996,1155.8194,6629.371997779999,17.43482490327973,8.0,0.7333333333333333,28,49,27,22,-4.474900924702762,2.1723772518544626,-0.2592912705272177,2.1607605877268954,111.42519951000003,-3.0264794900000003,108.39872002000003,9.378517095317834,22.442939800000048,-95.57381990999995,0.08333333333333333,11,2026-09-10
IOST-USDT-SWAP,short,2026-09-10 12:07:33,2026-09-10 12:08:00,0.0011328,0.0011286,0.22652256,226.52256,6738.1259531,3.361803587179668,1.0,0.45,3,33,2,0,,-6.4729194187582495,-0.0,0.43255649717514055,4.2197,-0.5913382899999999,3.6283617099999996,1.6017661596266612,130.84165982000007,108.39872002000003,23.566666666666666,12,2026-09-10
IOST-USDT-SWAP,long,2026-09-10 12:13:39,2026-09-10 12:14:01,0.0011858,0.0011951,0.23717926,237.17926,6741.75431484,3.5180644224592883,1.0,0.36666666666666664,7,14,6,0,,0.4830099144140565,0.0,0.8854781582054105,9.840999860000002,-0.62453665,9.216463210000002,3.8858638862436803,134.47002153000008,3.6283617099999996,5.65,12,2026-09-10
IOST-USDT-SWAP,short,2026-09-10 12:21:17,2026-09-10 12:23:12,0.0011381,0.001133,0.2275193,227.5193,6750.9707782000005,3.3701716016116876,0.0,1.9166666666666667,11,8,10,0,,0.46786723163840804,-0.0,0.483261576311389,4.708500000000001,-0.8173744200000002,3.8911255800000006,1.7102397818558692,143.68648474000008,9.216463210000002,7.266666666666667,12,2026-09-10
IOST-USDT-SWAP,short,2026-09-10 12:31:17,2026-09-10 12:31:18,0.0010645,0.0010597,0.21286264,212.86264,6754.86190378,3.1512508032308215,0.0,0.016666666666666666,5,11,4,0,,-6.0293079096045314,-0.0,0.8078910286519414,6.389,-0.5621822700000001,5.82681773,2.7373604546105414,147.5776103200001,3.8911255800000006,8.083333333333334,12,2026-09-10
IOST-USDT-SWAP,short,2026-09-10 12:54:49,2026-09-10 12:57:32,0.0010741,0.0010939,0.2186808303030303,1443.29348,6764.90213414,21.335023794597454,149.0,2.716666666666667,39,158,38,32,,0.9018318459370622,-2.830276510566998,0.009310120100536334,6.051399159999994,-4.03215089,2.019248269999994,0.1399055907880907,153.4044280500001,5.82681773,23.516666666666666,12,2026-09-10
IOST-USDT-SWAP,short,2026-09-10 12:57:50,2026-09-10 13:04:46,0.0010837,0.0011285,0.22559379653679654,5211.2167,6766.92138324,77.01015579857189,330.0,6.933333333333334,186,565,185,183,0.8937715296527315,1.8036636918741245,-6.357848112946396,-0.0,0.6571972299999701,-15.667099669999992,-15.009902440000022,-0.28803067122501397,155.42367632000008,2.019248269999994,0.3,12,2026-09-10
IOST-USDT-SWAP,short,2026-09-10 13:04:53,2026-09-10 13:07:06,0.0011216,0.0011131,0.22448000000000004,740.784,6751.91148377,10.971470846154748,74.0,2.216666666666667,8,58,7,5,2.6072637453114833,4.4223070477609205,-0.1515691868759106,0.9450784593437844,34.25679999999998,-1.8766667800000003,32.380133219999976,4.371062714637462,140.41377388000004,-15.009902440000022,0.11666666666666667,13,2026-09-10
IOST-USDT-SWAP,long,2026-09-10 17:33:43,2026-09-10 17:33:59,0.0010671,0.0010692,0.21342000000000003,213.42,6788.608183269999,3.143796110165219,1.0,0.26666666666666666,4,44,3,0,,,0.0,0.2811357885858845,2.3061999999999996,-0.56096168,1.7452383199999995,0.8177482522725141,172.79390710000004,32.380133219999976,266.6166666666667,17,2026-09-10
IOST-USDT-SWAP,long,2026-09-10 17:37:22,2026-09-10 17:37:37,0.0011063,0.0011179,0.22125999999999998,221.26,6790.35342158,3.2584460080800413,1.0,0.25,3,9,2,0,3.673507637522233,3.673507637522233,0.0,1.0937358763445815,11.950499999999998,-0.56851519,11.381984809999999,5.144167409382627,174.53914542,1.7452383199999995,3.3833333333333333,17,2026-09-10
IOST-USDT-SWAP,short,2026-09-10 21:11:33,2026-09-10 21:13:24,0.0011201,0.0011177,0.22401999999999997,224.02,6801.9395659599995,3.293472366633453,0.0,1.85,6,7,5,0,,,-0.0,0.24104990625837264,2.5255,-0.58069157,1.9448084300000001,0.8681405365592358,185.92113023000002,11.381984809999999,213.93333333333334,21,2026-09-10
ZEC-USDT-SWAP,short,2026-09-10 21:12:02,2026-09-10 21:12:56,1178.63,1167.88,2.35726,117.863,6577.74120124,1.7918461124280947,0.0,0.9,1,4,0,0,,,-0.0,0.9256509676488833,5.3766,-0.29861507,5.0779849299999995,4.308379160550809,187.86593866000004,6.6259414,1936.2,21,2026-09-10
SNDK-USDT-SWAP,short,2026-09-10 21:32:44,2026-09-10 21:32:52,1698.93,1695.27,169.893,84.9465,6808.96235935,1.2475689468800237,0.0,0.13333333333333333,2,1,1,0,,,-0.0,0.2154297116420345,1.83,-0.610956,1.219044,1.4350726633822464,192.94392359000003,3.863713669999999,11501.333333333334,21,2026-09-10
SNDK-USDT-SWAP,short,2026-09-10 21:33:39,2026-09-10 21:45:26,1694.49,1703.94,170.9245,341.849,6810.18140335,5.0196753911994305,434.0,11.783333333333333,4,6,3,3,-0.2613409616641138,-0.2613409616641138,-1.3107188593618257,-0.0,8.36201,-2.09813568,6.263874319999999,1.832351219398038,194.16296759000005,1.219044,0.7833333333333333,21,2026-09-10
RAY-USDT-SWAP,short,2026-09-11 09:16:21,2026-09-11 09:18:14,1.5308,1.5333,0.307440425,491.90468,6817.23913231,7.215599606424831,50.0,1.8833333333333333,7,20,6,6,,,-0.8426966292135019,-0.0,6.58069996,-1.2996395200000004,5.281060439999999,1.073594266271262,0.0,1.2840640299999997,7062.966666666666,9,2026-09-11
USELESS-USDT-SWAP,short,2026-09-11 10:18:46,2026-09-11 10:22:26,0.20639,0.20733,0.4156342914171656,208.23278,6822.52019278,3.0521387129108746,179.0,3.6666666666666665,8,12,7,7,,,-0.6928630263094204,-0.0,2.54219993,-0.59728436,1.9449155700000003,0.9340102792653493,5.281060439999999,1.90307995,2621.05,10,2026-09-11
ZEC-USDT-SWAP,short,2026-09-11 10:30:04,2026-09-11 11:05:13,1060.72,1061.98,2.13208,426.416,6824.4651084,6.248343177476857,935.0,35.15,13,9,12,5,,,-1.003092239233716,-0.0,5.8331,-1.4817649000000004,4.3513351,1.0204436747213987,7.22597601,5.0779849299999995,797.1333333333333,10,2026-09-11
USELESS-USDT-SWAP,short,2026-09-11 10:51:11,2026-09-11 10:56:22,0.20834,0.20743,0.416612,208.306,6397.33279238,3.2561382494923157,2.0,5.183333333333334,10,21,9,0,,0.2502165335386275,-0.0,0.47518479408658054,4.605100000000001,-0.64369798,3.9614020200000013,1.9017224755887976,11.57731111,1.9449155700000003,28.75,10,2026-09-11
RAY-USDT-SWAP,long,2026-09-11 11:37:12,2026-09-11 11:37:29,1.5859,1.5921,0.31717999999999996,222.026,6832.777845500001,3.249425124310519,1.0,0.2833333333333333,2,15,1,0,,,0.0,0.428778611513958,4.521199999999999,-0.5787842299999999,3.9424157699999993,1.7756549998648803,15.538713130000001,5.281060439999999,138.96666666666667,11,2026-09-11
RAY-USDT-SWAP,long,2026-09-11 11:42:05,2026-09-11 11:46:42,1.6122,1.6299,0.32244,225.708,6836.72026128,3.301407566407317,0.0,4.616666666666666,1,1,0,0,1.6583643357084288,1.6583643357084288,0.0,1.0978786751023373,12.39,-0.5800158,11.8099842,5.23241719389654,19.4811289,3.9424157699999993,4.6,11,2026-09-11
RAY-USDT-SWAP,long,2026-09-11 12:25:29,2026-09-11 12:29:10,1.6842,1.6976,0.33684,235.788,6849.11194354,3.4426068947871764,0.0,3.683333333333333,2,8,1,0,,,0.0,0.8075050469065426,9.48,-0.60502587,8.87497413,3.7639634459768945,31.291113100000004,11.8099842,38.78333333333333,12,2026-09-11
USELESS-USDT-SWAP,long,2026-09-11 13:59:15,2026-09-11 14:00:01,0.22257,0.22331,0.44514,222.57,6858.333176339999,3.2452491629865103,0.0,0.7666666666666667,3,11,2,0,,,0.0,0.3684234173518597,3.7098999999999998,-0.80258756,2.9073124399999997,1.306246322505279,40.16608723,3.9614020200000013,182.88333333333333,13,2026-09-11
LAB-USDT-SWAP,long,2026-09-11 17:48:00,2026-09-11 17:51:51,0.0541,0.05477,0.1082,216.4,6861.553293229999,3.1538048420248024,0.0,3.85,6,5,5,0,,,0.0,1.3308687615526837,14.004539999999999,-0.65088528,13.353654719999998,6.170820110905729,43.07339967,7.995833299999999,73146.88333333333,17,2026-09-11
LAB-USDT-SWAP,long,2026-09-11 18:01:32,2026-09-11 18:05:35,0.0568,0.0569,0.11300804999999998,452.0322,6874.90694796,6.575102811160696,40.0,4.05,12,16,11,6,,4.990757855822547,-1.0739436619718434,0.21126760563379143,16.24530988,-1.18192011,15.06338977,3.3323709616261854,56.427054389999995,13.353654719999998,9.683333333333334,18,2026-09-11
LAB-USDT-SWAP,long,2026-09-11 18:10:50,2026-09-11 18:10:52,0.05811,0.05868,0.11622,232.44,6889.97033788,3.3735994293339773,0.0,0.03333333333333333,2,16,1,0,,7.412199630314231,0.0,1.0669420065393176,11.725240000000001,-0.5969430899999999,11.128296910000001,4.787599771984168,71.49044416,15.06338977,5.25,18,2026-09-11
LAB-USDT-SWAP,long,2026-09-11 18:11:29,2026-09-11 18:14:10,0.05845,0.05835,0.1163699995,465.479998,6901.09863479,6.7450129701582595,107.0,2.683333333333333,9,62,8,5,0.5850972293925283,8.040665434380777,-0.923866552609065,0.01710863986312816,8.174709850000001,-1.1899537000000007,6.984756150000001,1.5005491492676342,82.61874107000001,11.128296910000001,0.6166666666666667,18,2026-09-11
LAB-USDT-SWAP,long,2026-09-11 18:22:37,2026-09-11 18:22:48,0.05972,0.05964,0.11944,238.88,6908.08339107,3.457977943763641,0.0,0.18333333333333332,1,28,0,0,,5.1408450704225395,-0.1339584728734189,0.0,-1.39873,-0.8594644599999997,-2.2581944599999995,-0.9453258791024779,89.60349722,6.984756150000001,8.45,18,2026-09-11
LAB-USDT-SWAP,long,2026-09-11 18:23:22,2026-09-11 18:23:59,0.06031,0.06075,0.12064545100000001,241.290902,6905.825196610001,3.4940198329729983,0.0,0.6166666666666667,12,8,11,0,0.9879437374413991,6.179577464788721,0.0,0.8787929033327702,9.054969960000001,-0.8124246800000001,8.242545280000002,3.4160199210494904,87.34530276000001,-2.2581944599999995,0.5666666666666667,18,2026-09-11
LAB-USDT-SWAP,long,2026-09-11 18:30:18,2026-09-11 18:31:01,0.06068,0.06071,0.12136,242.72,6914.06774194,3.510523892146533,0.0,0.7166666666666667,4,38,3,0,,6.8309859154929375,0.0,0.14831905075807228,0.93089,-0.6203287999999998,0.3105612000000002,0.12795039551746878,95.58784804000001,8.242545280000002,6.316666666666666,18,2026-09-11
LAB-USDT-SWAP,long,2026-09-11 18:35:13,2026-09-11 18:35:43,0.06053,0.06069,0.12105999999999999,242.12,6914.3783031600005,3.501688646242376,1.0,0.5,7,24,6,0,-0.24719841793011677,6.342234715390016,0.0,0.3138939368908078,3.3960000000000004,-0.6318737400000001,2.7641262600000003,1.1416348339666282,95.89840924,0.3105612000000002,4.2,18,2026-09-11
LAB-USDT-SWAP,long,2026-09-11 18:42:57,2026-09-11 18:46:46,0.06198,0.06222,0.12395999999999999,247.92,6917.14242943,3.5841390072465167,0.0,3.816666666666667,3,20,2,0,,7.028147124848894,0.0,0.4356243949661165,4.953839999999999,-0.6378450899999998,4.315994909999999,1.7408821030977732,98.6625355,2.7641262600000003,7.233333333333333,18,2026-09-11
LAB-USDT-SWAP,long,2026-09-11 18:54:50,2026-09-11 18:55:24,0.06378,0.06394,0.12756,255.12,6921.45842436,3.685928374605384,0.0,0.5666666666666667,3,11,2,0,,5.108767303889272,0.0,0.2822201317027373,3.3550299999999997,-0.65258083,2.7024491699999995,1.0592855009407336,102.97853041,4.315994909999999,8.066666666666666,18,2026-09-11
LAB-USDT-SWAP,long,2026-09-11 19:00:08,2026-09-11 19:00:20,0.06496,0.06375,0.12925992700000002,517.039708,6924.16087353,7.467182196424164,10.0,0.2,9,32,8,6,1.563477173233263,7.053394858272921,-1.8626847290640458,0.0,-34.50552021,-1.4581012799999997,-35.96362149,-6.955678825735373,105.68097958000001,2.7024491699999995,4.733333333333333,19,2026-09-11
LAB-USDT-SWAP,long,2026-09-11 19:00:57,2026-09-11 19:04:02,0.06409,0.0643,0.12761049828178692,1173.455098,6888.19725225,17.03573598471931,154.0,3.0833333333333335,17,51,16,16,-1.3392857142857317,5.463221984531841,-0.9829926665626321,0.5773131533780784,51.14790982999999,-3.2138047700000008,47.934105059999986,4.084869130629486,69.71735809,-35.96362149,0.6166666666666667,19,2026-09-11
LAB-USDT-SWAP,short,2026-09-11 19:24:07,2026-09-11 19:25:01,0.05839,0.05804,0.11678,233.56,6936.25057391,3.3672370614538085,0.0,0.9,2,6,1,0,,-8.450925054876146,-0.0,0.6679225894844931,7.28248,-0.5929563,6.6895237,2.864156405206371,117.65146315,47.934105059999986,20.083333333333332,19,2026-09-11
LAB-USDT-SWAP,short,2026-09-11 19:27:03,2026-09-11 19:27:07,0.05769,0.05722,0.11538,230.76,6942.9400976,3.323663991855092,0.0,0.06666666666666667,1,6,0,0,-1.1988354170234583,-11.191502463054192,-0.0,0.8493673080256503,9.69783,-0.8272447800000001,8.870585219999999,3.844074024960998,124.34098685,6.6895237,2.033333333333333,19,2026-09-11
LAB-USDT-SWAP,short,2026-09-11 19:28:06,2026-09-11 19:28:15,0.05737,0.05707,0.11472344300000001,229.446886,6951.81068283,3.3005341553201633,0.0,0.15,10,7,9,0,-1.7468744648056145,-11.684113300492616,-0.0,0.5752135262332203,6.01676997,-0.82384275,5.1929272200000005,2.2632371746374456,133.21157207,8.870585219999999,0.9833333333333333,19,2026-09-11
LAB-USDT-SWAP,short,2026-09-11 19:31:30,2026-09-11 19:33:01,0.05581,0.05526,0.111596023,223.192046,6957.00361007,3.2081634351452393,0.0,1.5166666666666666,10,7,9,0,-3.25879701854741,-12.646736578494288,-0.0,1.039240279519793,11.01107998,-0.79952737,10.21155261,4.575231417521035,138.40449929,5.1929272200000005,3.25,19,2026-09-11
ZEC-USDT-SWAP,long,2026-09-11 20:34:15,2026-09-11 20:34:36,1142.73,1149.24,2.285478,114.2739,6968.52795115,1.6398570946557178,0.0,0.35,6,9,5,0,,,0.0,0.5854401302144874,3.2951000000000006,-0.41257229000000006,2.8825277100000006,2.522472506845396,148.61605189999997,4.3513351,569.0333333333333,20,2026-09-11
LAB-USDT-SWAP,long,2026-09-11 22:25:55,2026-09-11 22:28:04,0.05611,0.05637,0.112238891,224.477782,6972.86543184,3.2193046631155875,0.0,2.15,17,25,16,0,,,0.0,0.5346640527535307,5.259779849999999,-0.5975263699999999,4.6622534799999995,2.076933155014869,151.49857960999998,10.21155261,172.9,22,2026-09-11
LAB-USDT-SWAP,long,2026-09-12 09:24:22,2026-09-12 09:32:01,0.08163,0.08128,0.16171986761952484,613.25791,6977.826118,8.788667123963435,267.0,7.65,25,51,24,16,,,-1.8253093225529704,0.012250398137947371,17.099839709999998,-2.0256307999999996,15.074208909999998,2.4580537265308156,0.0,4.6622534799999995,656.3,9,2026-09-12
LAB-USDT-SWAP,long,2026-09-12 09:45:16,2026-09-12 09:48:27,0.08134,0.08203,0.16268,227.752,6992.9003272,3.2569032782309555,0.0,3.183333333333333,7,4,6,0,,-0.3552615460002406,0.0,0.8605851979345935,9.665140000000001,-0.6711401399999999,8.99399986,3.949032219256033,15.074208909999998,15.074208909999998,13.25,9,2026-09-12
LAB-USDT-SWAP,long,2026-09-12 09:57:06,2026-09-12 10:06:46,0.08305,0.08084,0.16182522835164825,2945.219156,7001.89432707,42.06317631235162,453.0,9.666666666666666,113,230,112,104,,3.6311454953830813,-3.829018663455752,0.048163756773034194,1.278078820000004,-8.49930392999999,-7.221225109999986,-0.2451846442492711,24.06820877,8.99399986,8.65,9,2026-09-12
LAB-USDT-SWAP,long,2026-09-12 10:06:51,2026-09-12 10:09:38,0.0811,0.08139,0.16215345297965358,493.31945,6994.673103149999,7.052787781859844,117.0,2.783333333333333,16,50,15,9,-0.14774686037921647,-0.2950577821489886,-0.4315659679408168,0.4562268803945724,10.631849800000005,-1.3337960700000002,9.298053730000005,1.8847936626054385,16.846983660000014,-7.221225109999986,0.08333333333333333,10,2026-09-12
LAB-USDT-SWAP,long,2026-09-12 10:16:02,2026-09-12 10:16:31,0.08187,0.08224,0.16380180142857143,229.322522,7003.97115707,3.274178560380215,0.0,0.48333333333333334,12,17,11,0,,-0.20721599219892806,0.0,0.47636496885306023,4.781109910000001,-0.81997182,3.9611380900000013,1.7273218763920628,26.145037390000017,9.298053730000005,6.4,10,2026-09-12
LAB-USDT-SWAP,long,2026-09-12 10:23:19,2026-09-12 10:23:26,0.08327,0.08392,0.16654,233.156,7007.93229526,3.3270298595450365,3.0,0.11666666666666667,5,14,4,0,,0.26490066225164366,0.0,0.900684520235373,9.46742,-0.59795606,8.869463940000001,3.8040899397828065,30.10617548000002,3.9611380900000013,6.8,10,2026-09-12
LAB-USDT-SWAP,long,2026-09-12 10:36:26,2026-09-12 10:36:41,0.08317,0.08363,0.16634000000000002,232.876,7016.801759190001,3.3188339644197464,0.0,0.25,1,11,0,0,,2.6283316880552743,0.0,0.5651076109174147,6.44803,-0.8406749,5.6073551,2.4078716140778784,38.97563942000002,8.869463940000001,13.0,10,2026-09-12
LAB-USDT-SWAP,long,2026-09-12 10:38:02,2026-09-12 10:51:57,0.084,0.08283,0.1649021420247067,2122.45547,7022.4091143000005,30.224036159869446,512.0,13.916666666666666,52,119,51,48,0.9979559937477678,4.024767801857587,-3.0714285714285694,0.0,60.33985931000001,-5.805249799999998,54.53460951000001,2.569411244703288,44.582994520000014,5.6073551,1.35,10,2026-09-12
LAB-USDT-SWAP,long,2026-09-12 11:00:55,2026-09-12 11:01:04,0.08569,0.08583,0.17142388428571434,239.993438,7077.4882851,3.390940801770738,0.0,0.15,19,107,18,0,,3.0299386798124495,0.0,0.25673940949935137,1.94700932,-0.8201783699999993,1.1268309500000009,0.4695257334494291,99.11760403000004,54.53460951000001,8.966666666666667,11,2026-09-12
LAB-USDT-SWAP,long,2026-09-12 11:03:50,2026-09-12 11:10:30,0.08512,0.084,0.16767127457142855,1173.698922,7078.61511677,16.580911698665197,329.0,6.666666666666667,49,117,48,31,-0.6651884700665245,2.344595406997718,-2.4788533834586457,0.02349624060149491,14.166789439999995,-3.2702199500000027,10.896569489999992,0.9283956290453159,100.24443498000004,1.1268309500000009,2.7666666666666666,11,2026-09-12
LAB-USDT-SWAP,short,2026-09-12 11:17:20,2026-09-12 11:17:46,0.07816,0.0779,0.15632000000000001,218.848,7089.51168673,3.086926288726417,0.0,0.43333333333333335,1,88,0,0,,-5.842669557884605,-0.0,0.4477993858751139,3.8754799999999983,-0.5566672,3.318812799999998,1.5164921772188906,111.14100447000001,10.896569489999992,6.833333333333333,11,2026-09-12
LAB-USDT-SWAP,short,2026-09-12 11:18:22,2026-09-12 11:18:39,0.07722,0.07673,0.15444,216.216,7092.83049951,3.048373988564044,0.0,0.2833333333333333,5,9,4,0,-1.20266120777891,-6.975063245392121,-0.0,0.660450660450651,6.875279999999999,-0.56162164,6.313658359999999,2.920069911569911,114.45981727000002,3.318812799999998,0.6,11,2026-09-12
LAB-USDT-SWAP,short,2026-09-12 11:20:07,2026-09-12 11:21:05,0.0714,0.07146,0.14356492571428572,401.981792,7099.14415788,5.662397932204306,25.0,0.9666666666666667,18,102,17,4,-8.648925281473884,-13.986266714853624,-1.1204481792717047,0.042016806722688926,9.79034961,-1.3518402199999995,8.43850939,2.0992267704503393,120.77347563000001,6.313658359999999,1.4666666666666666,11,2026-09-12
LAB-USDT-SWAP,short,2026-09-12 11:22:48,2026-09-12 11:24:54,0.07051,0.07134,0.14300666666666667,600.628,7107.58266764,8.450524293366149,30.0,2.1,7,70,6,5,-8.689458689458684,-17.71501925545571,-2.155722592540066,-0.0,7.098869780000001,-1.52904586,5.569823920000001,0.927333377731308,129.21198502000001,8.43850939,1.7166666666666666,11,2026-09-12
LAB-USDT-SWAP,short,2026-09-12 11:25:02,2026-09-12 11:26:05,0.07103,0.07045,0.14206000000000002,198.884,7113.15249183,2.7960036035841136,0.0,1.05,2,2,1,0,-0.5182072829131745,-17.10818065118451,-0.0,0.9010277347599627,8.130799999999999,-0.50422711,7.6265728899999985,3.8346839816174247,134.78180894000002,5.569823920000001,0.13333333333333333,11,2026-09-12
LAB-USDT-SWAP,short,2026-09-12 11:32:21,2026-09-12 11:35:16,0.07046,0.07014,0.140900225,225.44036,7120.77906472,3.1659507752030596,3.0,2.9166666666666665,8,18,7,0,,-17.222744360902265,-0.0,0.5109281862049397,5.26193994,-0.7220927599999999,4.539847180000001,2.0137685993759065,142.40838183000002,7.6265728899999985,6.266666666666667,11,2026-09-12
LAB-USDT-SWAP,long,2026-09-12 12:02:51,2026-09-12 12:03:01,0.07495,0.07562,0.1499,224.85,7128.4744734900005,3.1542513175321316,0.0,0.16666666666666666,1,10,0,0,,6.9186875891583455,0.0,0.9339559706470935,10.24057,-0.57705411,9.66351589,4.297761125194574,146.94822901000003,4.539847180000001,27.583333333333332,12,2026-09-12
LAB-USDT-SWAP,long,2026-09-12 12:10:14,2026-09-12 12:14:54,0.07596,0.07485,0.14942776133333338,1344.849852,7138.137989389999,18.840345395381274,143.0,4.666666666666667,43,63,42,35,,1.3475650433622421,-2.553975776724593,0.013164823591349517,13.146719589999998,-4.1285398399999975,9.018179750000002,0.6705714944005512,156.61174490000002,9.66351589,7.216666666666667,12,2026-09-12
LAB-USDT-SWAP,long,2026-09-12 13:45:37,2026-09-12 13:46:25,0.07825,0.07877,0.1565,234.75,7149.6536268,3.2833758424331956,0.0,0.8,3,19,2,0,,,0.0,0.7156549520766831,7.90464,-0.6016718000000001,7.3029682,3.1109555697550584,165.62992465000002,9.018179750000002,90.71666666666667,13,2026-09-12
FLOCK-USDT-SWAP,long,2026-09-12 21:08:18,2026-09-12 21:13:07,0.07296,0.07246,1.447524579124579,429.9148,7157.06512313,6.006858853507055,226.0,4.816666666666666,17,30,16,11,,,-1.370614035087725,0.013706140350877583,2.92399989,-1.35788784,1.56611205,0.3642842837697144,172.93289285000003,,,21,2026-09-12
BSB-USDT-SWAP,long,2026-09-12 21:18:32,2026-09-12 21:18:34,0.11339,0.11427,0.22683136507936508,142.90376,7158.63123529,1.9962441883516142,0.0,0.03333333333333333,8,6,7,0,,,0.0,0.80253990651733,5.425499970000001,-0.39874481000000006,5.0267551600000004,3.517580755048013,174.49900490000002,,,21,2026-09-12
BSB-USDT-SWAP,long,2026-09-12 21:19:17,2026-09-12 21:20:22,0.122,0.11489,0.22223632260760556,531.81152,7163.65799048,7.423742460998839,58.0,1.0833333333333333,17,36,16,16,7.593262192433192,7.593262192433192,-12.606557377049176,0.0,101.13479980000001,-1.6035397800000009,99.53126002,18.71551410168776,179.52576006000004,5.0267551600000004,0.7166666666666667,21,2026-09-12
